,Unnamed: 0,FileName,FilePath,FilenameWithoutExt
1,1,A Separation.2011.mkv,D:\Simply_Movies\Bolly\Simply_Up_2_Date\\Alphabet A\A Separation.2011.mkv,A Separation.2011
3,3,Aa.Ab.Laut.Chalen.1999.mkv,D:\Simply_Movies\Bolly\Simply_Up_2_Date\\Alphabet A\Aa.Ab.Laut.Chalen.1999.mkv,Aa.Ab.Laut.Chalen.1999
4,4,Aafat_e_Ishq_2021.mkv,D:\Simply_Movies\Bolly\Simply_Up_2_Date\\Alphabet A\Aafat_e_Ishq_2021.mkv,Aafat_e_Ishq_2021
5,5,Aaj_Ka_MLA_Ram_Avtar_hls_1465.mp4,D:\Simply_Movies\Bolly\Simply_Up_2_Date\\Alphabet A\Aaj_Ka_MLA_Ram_Avtar_hls_1465.mp4,Aaj_Ka_MLA_Ram_Avtar_hls_1465
12,12,Aaraattu_2022.mkv,D:\Simply_Movies\Bolly\Simply_Up_2_Date\\Alphabet A\Aaraattu_2022.mkv,Aaraattu_2022
16,16,Aashiqui 2.2013.mkv,D:\Simply_Movies\Bolly\Simply_Up_2_Date\\Alphabet A\Aashiqui 2.2013.mkv,Aashiqui 2.2013
23,23,Ae.Dil.Hai.Mushkil.2016.mkv,D:\Simply_Movies\Bolly\Simply_Up_2_Date\\Alphabet A\Ae.Dil.Hai.Mushkil.2016.mkv,Ae.Dil.Hai.Mushkil.2016
24,24,Afsos (2020) S01 E01-04.mkv,D:\Simply_Movies\Bolly\Simply_Up_2_Date\\Alphabet A\Afsos (2020) S01 E01-04.mkv,Afsos (2020) S01 E01-04
26,26,Agneepath.2012.mkv,D:\Simply_Movies\Bolly\Simply_Up_2_Date\\Alphabet A\Agneepath.2012.mkv,Agneepath.2012
32,32,Ajay_Sunny Deol_1996.mp4,D:\Simply_Movies\Bolly\Simply_Up_2_Date\\Alphabet A\Ajay_Sunny Deol_1996.mp4,Ajay_Sunny Deol_1996
33,33,Ajeeb_Dastaans_2021.mkv,D:\Simply_Movies\Bolly\Simply_Up_2_Date\\Alphabet A\Ajeeb_Dastaans_2021.mkv,Ajeeb_Dastaans_2021
36,36,Akele_Hum_Akele_Tum_1995.mkv,D:\Simply_Movies\Bolly\Simply_Up_2_Date\\Alphabet A\Akele_Hum_Akele_Tum_1995.mkv,Akele_Hum_Akele_Tum_1995
37,37,Akira.2016.mkv,D:\Simply_Movies\Bolly\Simply_Up_2_Date\\Alphabet A\Akira.2016.mkv,Akira.2016
43,43,Albert Pinto Ko Gussa Kyoon Aata Hai_1980.mp4,D:\Simply_Movies\Bolly\Simply_Up_2_Date\\Alphabet A\Albert Pinto Ko Gussa Kyoon Aata Hai_1980.mp4,Albert Pinto Ko Gussa Kyoon Aata Hai_1980
44,44,AliBaba_40_Chor.avi,D:\Simply_Movies\Bolly\Simply_Up_2_Date\\Alphabet A\AliBaba_40_Chor.avi,AliBaba_40_Chor
45,45,Aligarh.2016.mkv,D:\Simply_Movies\Bolly\Simply_Up_2_Date\\Alphabet A\Aligarh.2016.mkv,Aligarh.2016
49,49,Amar Deep (1979).mkv,D:\Simply_Movies\Bolly\Simply_Up_2_Date\\Alphabet A\Amar Deep (1979).mkv,Amar Deep (1979)
50,50,Amar.2017.mkv,D:\Simply_Movies\Bolly\Simply_Up_2_Date\\Alphabet A\Amar.2017.mkv,Amar.2017
54,54,Anand.1971.mp4,D:\Simply_Movies\Bolly\Simply_Up_2_Date\\Alphabet A\Anand.1971.mp4,Anand.1971
61,61,Anhey Ghorhey Da Daan.(2012).mkv,D:\Simply_Movies\Bolly\Simply_Up_2_Date\\Alphabet A\Anhey Ghorhey Da Daan.(2012).mkv,Anhey Ghorhey Da Daan.(2012)
62,62,Anjaana_Anjaani_2010.mkv,D:\Simply_Movies\Bolly\Simply_Up_2_Date\\Alphabet A\Anjaana_Anjaani_2010.mkv,Anjaana_Anjaani_2010
63,63,Anjaane_The_Unkown.mp4,D:\Simply_Movies\Bolly\Simply_Up_2_Date\\Alphabet A\Anjaane_The_Unkown.mp4,Anjaane_The_Unkown
68,68,Anubhav (1971).mp4,D:\Simply_Movies\Bolly\Simply_Up_2_Date\\Alphabet A\Anubhav (1971).mp4,Anubhav (1971)
69,69,Anukoni_Athidhi_2021.mkv,D:\Simply_Movies\Bolly\Simply_Up_2_Date\\Alphabet A\Anukoni_Athidhi_2021.mkv,Anukoni_Athidhi_2021
71,71,Apharan_2022.mkv,D:\Simply_Movies\Bolly\Simply_Up_2_Date\\Alphabet A\Apharan_2022.mkv,Apharan_2022
75,75,Arjun Patiala 2019.mkv,D:\Simply_Movies\Bolly\Simply_Up_2_Date\\Alphabet A\Arjun Patiala 2019.mkv,Arjun Patiala 2019
76,76,Arjun.Reddy.2017.mkv,D:\Simply_Movies\Bolly\Simply_Up_2_Date\\Alphabet A\Arjun.Reddy.2017.mkv,Arjun.Reddy.2017
77,77,Arshinagar (2015).mkv,D:\Simply_Movies\Bolly\Simply_Up_2_Date\\Alphabet A\Arshinagar (2015).mkv,Arshinagar (2015)
86,86,B.A.PASS.flv,D:\Simply_Movies\Bolly\Simply_Up_2_Date\\Alphabet B\B.A.PASS.flv,B.A.PASS
92,92,Baaz_1953.mkv,D:\Simply_Movies\Bolly\Simply_Up_2_Date\\Alphabet B\Baaz_1953.mkv,Baaz_1953
99,99,Badman.2016.mkv,D:\Simply_Movies\Bolly\Simply_Up_2_Date\\Alphabet B\Badman.2016.mkv,Badman.2016
102,102,Bad_Aur_Badnam_1984.mp4,D:\Simply_Movies\Bolly\Simply_Up_2_Date\\Alphabet B\Bad_Aur_Badnam_1984.mp4,Bad_Aur_Badnam_1984
104,104,Bahubali.2.The.Conclusion.2017.mp4,D:\Simply_Movies\Bolly\Simply_Up_2_Date\\Alphabet B\Bahubali.2.The.Conclusion.2017.mp4,Bahubali.2.The.Conclusion.2017
106,106,Bailwaan.2019.mkv,D:\Simply_Movies\Bolly\Simply_Up_2_Date\\Alphabet B\Bailwaan.2019.mkv,Bailwaan.2019
107,107,Baishe_Shrabon_2011.mkv,D:\Simply_Movies\Bolly\Simply_Up_2_Date\\Alphabet B\Baishe_Shrabon_2011.mkv,Baishe_Shrabon_2011
109,109,Bajrangi.Bhaijaan.2015.mp4,D:\Simply_Movies\Bolly\Simply_Up_2_Date\\Alphabet B\Bajrangi.Bhaijaan.2015.mp4,Bajrangi.Bhaijaan.2015
110,110,Balmaa_1993.mp4,D:\Simply_Movies\Bolly\Simply_Up_2_Date\\Alphabet B\Balmaa_1993.mp4,Balmaa_1993
111,111,Balwaan _1992.mkv,D:\Simply_Movies\Bolly\Simply_Up_2_Date\\Alphabet B\Balwaan _1992.mkv,Balwaan _1992
116,116,BarahAna2009.mkv,D:\Simply_Movies\Bolly\Simply_Up_2_Date\\Alphabet B\BarahAna2009.mkv,BarahAna2009
117,117,Bareilly.Ki.Barfi.2017.mkv,D:\Simply_Movies\Bolly\Simply_Up_2_Date\\Alphabet B\Bareilly.Ki.Barfi.2017.mkv,Bareilly.Ki.Barfi.2017
120,120,Barsaat.1949.mkv,D:\Simply_Movies\Bolly\Simply_Up_2_Date\\Alphabet B\Barsaat.1949.mkv,Barsaat.1949
132,132,BHARAT.2019.mkv,D:\Simply_Movies\Bolly\Simply_Up_2_Date\\Alphabet B\BHARAT.2019.mkv,BHARAT.2019
133,133,Bhaukaal_2020.mkv,D:\Simply_Movies\Bolly\Simply_Up_2_Date\\Alphabet B\Bhaukaal_2020.mkv,Bhaukaal_2020
134,134,Bheja.Fry.2007.avi,D:\Simply_Movies\Bolly\Simply_Up_2_Date\\Alphabet B\Bheja.Fry.2007.avi,Bheja.Fry.2007
135,135,Bhindi Baazaar Inc.(2011).mp4,D:\Simply_Movies\Bolly\Simply_Up_2_Date\\Alphabet B\Bhindi Baazaar Inc.(2011).mp4,Bhindi Baazaar Inc.(2011)
138,138,Bhoot.The.Haunted.ship.2020.mkv,D:\Simply_Movies\Bolly\Simply_Up_2_Date\\Alphabet B\Bhoot.The.Haunted.ship.2020.mkv,Bhoot.The.Haunted.ship.2020
139,139,Bhoot_Police_2021.mkv,D:\Simply_Movies\Bolly\Simply_Up_2_Date\\Alphabet B\Bhoot_Police_2021.mkv,Bhoot_Police_2021
145,145,Black Mail_hls-1982-1.mp4,D:\Simply_Movies\Bolly\Simply_Up_2_Date\\Alphabet B\Black Mail_hls-1982-1.mp4,Black Mail_hls-1982-1
146,146,Blackmail.2018.mkv,D:\Simply_Movies\Bolly\Simply_Up_2_Date\\Alphabet B\Blackmail.2018.mkv,Blackmail.2018
155,155,Brahmastra_Part_One_Shiva_2022.mkv,D:\Simply_Movies\Bolly\Simply_Up_2_Date\\Alphabet B\Brahmastra_Part_One_Shiva_2022.mkv,Brahmastra_Part_One_Shiva_2022
165,165,Chaamp (2017) Untouched .mp4,D:\Simply_Movies\Bolly\Simply_Up_2_Date\\Alphabet C\Chaamp (2017) Untouched .mp4,Chaamp (2017) Untouched 
167,167,Chaitali_Dharmendra.1975.mp4,D:\Simply_Movies\Bolly\Simply_Up_2_Date\\Alphabet C\Chaitali_Dharmendra.1975.mp4,Chaitali_Dharmendra.1975
168,168,Chakde India 2007.BluRay.720p.mkv,D:\Simply_Movies\Bolly\Simply_Up_2_Date\\Alphabet C\Chakde India 2007.BluRay.720p.mkv,Chakde India 2007.BluRay.720p
170,170,Chalti Ka Naam Gaadi Kishore Kumar - Madhubala - Ashok Kumar.mp4,D:\Simply_Movies\Bolly\Simply_Up_2_Date\\Alphabet C\Chalti Ka Naam Gaadi Kishore Kumar - Madhubala - Ashok Kumar.mp4,Chalti Ka Naam Gaadi Kishore Kumar - Madhubala - Ashok Kumar
178,178,Chehre Pe Chehra Rekha - Sanjeev Kumar - Vinod Mehra.mp4,D:\Simply_Movies\Bolly\Simply_Up_2_Date\\Alphabet C\Chehre Pe Chehra Rekha - Sanjeev Kumar - Vinod Mehra.mp4,Chehre Pe Chehra Rekha - Sanjeev Kumar - Vinod Mehra
179,179,Chehre_2021.mkv,D:\Simply_Movies\Bolly\Simply_Up_2_Date\\Alphabet C\Chehre_2021.mkv,Chehre_2021
182,182,Chhalaang_2020.mkv,D:\Simply_Movies\Bolly\Simply_Up_2_Date\\Alphabet C\Chhalaang_2020.mkv,Chhalaang_2020
184,184,Chocolate 2005 720p [1.68 GB].mkv,D:\Simply_Movies\Bolly\Simply_Up_2_Date\\Alphabet C\Chocolate 2005 720p [1.68 GB].mkv,Chocolate 2005 720p [1.68 GB]
187,187,Choron_Ka_Chor_Takkari_Donga_2015.mkv,D:\Simply_Movies\Bolly\Simply_Up_2_Date\\Alphabet C\Choron_Ka_Chor_Takkari_Donga_2015.mkv,Choron_Ka_Chor_Takkari_Donga_2015
188,188,Choti.Si.Baat.(1975).avi,D:\Simply_Movies\Bolly\Simply_Up_2_Date\\Alphabet C\Choti.Si.Baat.(1975).avi,Choti.Si.Baat.(1975)
191,191,Chupke Chupke.mp4,D:\Simply_Movies\Bolly\Simply_Up_2_Date\\Alphabet C\Chupke Chupke.mp4,Chupke Chupke
192,192,CityLights.2014.mkv,D:\Simply_Movies\Bolly\Simply_Up_2_Date\\Alphabet C\CityLights.2014.mkv,CityLights.2014
195,195,Commando 3 (2019).mkv,D:\Simply_Movies\Bolly\Simply_Up_2_Date\\Alphabet C\Commando 3 (2019).mkv,Commando 3 (2019)
199,199,Court_Martial _2020.mkv,D:\Simply_Movies\Bolly\Simply_Up_2_Date\\Alphabet C\Court_Martial _2020.mkv,Court_Martial _2020
207,207,Damaad (1978) Amol Palekar.mp4,D:\Simply_Movies\Bolly\Simply_Up_2_Date\\Alphabet D\Damaad (1978) Amol Palekar.mp4,Damaad (1978) Amol Palekar
210,210,Danger.Close.2019.mp4,D:\Simply_Movies\Bolly\Simply_Up_2_Date\\Alphabet D\Danger.Close.2019.mp4,Danger.Close.2019
211,211,Dark.Waters.2019.mp4,D:\Simply_Movies\Bolly\Simply_Up_2_Date\\Alphabet D\Dark.Waters.2019.mp4,Dark.Waters.2019
213,213,Darna.Mana.Hai.mkv,D:\Simply_Movies\Bolly\Simply_Up_2_Date\\Alphabet D\Darna.Mana.Hai.mkv,Darna.Mana.Hai
217,217,Dasvi_2022.mkv,D:\Simply_Movies\Bolly\Simply_Up_2_Date\\Alphabet D\Dasvi_2022.mkv,Dasvi_2022
219,219,David.2013.mkv,D:\Simply_Movies\Bolly\Simply_Up_2_Date\\Alphabet D\David.2013.mkv,David.2013
223,223,Decoupled_2021.mkv,D:\Simply_Movies\Bolly\Simply_Up_2_Date\\Alphabet D\Decoupled_2021.mkv,Decoupled_2021
226,226,Deewana Dil Deewan.mp4,D:\Simply_Movies\Bolly\Simply_Up_2_Date\\Alphabet D\Deewana Dil Deewan.mp4,Deewana Dil Deewan
233,233,Dev.D.mp4,D:\Simply_Movies\Bolly\Simply_Up_2_Date\\Alphabet D\Dev.D.mp4,Dev.D
236,236,De_De_Pyaar_De_2019.mkv,D:\Simply_Movies\Bolly\Simply_Up_2_Date\\Alphabet D\De_De_Pyaar_De_2019.mkv,De_De_Pyaar_De_2019
238,238,Dhaal 1997 Vinod Khanna.mkv,D:\Simply_Movies\Bolly\Simply_Up_2_Date\\Alphabet D\Dhaal 1997 Vinod Khanna.mkv,Dhaal 1997 Vinod Khanna
240,240,Dhamaka_2021.mkv,D:\Simply_Movies\Bolly\Simply_Up_2_Date\\Alphabet D\Dhamaka_2021.mkv,Dhamaka_2021
243,243,Dharavi_1992.mkv,D:\Simply_Movies\Bolly\Simply_Up_2_Date\\Alphabet D\Dharavi_1992.mkv,Dharavi_1992
244,244,Dharavi_Bank_2022_S01_full.mkv,D:\Simply_Movies\Bolly\Simply_Up_2_Date\\Alphabet D\Dharavi_Bank_2022_S01_full.mkv,Dharavi_Bank_2022_S01_full
249,249,Dhoom_2004.mkv,D:\Simply_Movies\Bolly\Simply_Up_2_Date\\Alphabet D\Dhoom_2004.mkv,Dhoom_2004
250,250,Dhoti_Lota_Aur_Chowpatty_Dharmendra_Mehmood_Farida.mp4,D:\Simply_Movies\Bolly\Simply_Up_2_Date\\Alphabet D\Dhoti_Lota_Aur_Chowpatty_Dharmendra_Mehmood_Farida.mp4,Dhoti_Lota_Aur_Chowpatty_Dharmendra_Mehmood_Farida
254,254,Dil Diya Dard Liya_1966.mp4,D:\Simply_Movies\Bolly\Simply_Up_2_Date\\Alphabet D\Dil Diya Dard Liya_1966.mp4,Dil Diya Dard Liya_1966
255,255,Dil Hai Tumhara.2002.mkv,D:\Simply_Movies\Bolly\Simply_Up_2_Date\\Alphabet D\Dil Hai Tumhara.2002.mkv,Dil Hai Tumhara.2002
264,264,Dilwale _1994.mkv,D:\Simply_Movies\Bolly\Simply_Up_2_Date\\Alphabet D\Dilwale _1994.mkv,Dilwale _1994
265,265,Dil_Tera_Deewana_Shammi_Kapoor.mkv,D:\Simply_Movies\Bolly\Simply_Up_2_Date\\Alphabet D\Dil_Tera_Deewana_Shammi_Kapoor.mkv,Dil_Tera_Deewana_Shammi_Kapoor
275,275,Dobaaraa_2022.mkv,D:\Simply_Movies\Bolly\Simply_Up_2_Date\\Alphabet D\Dobaaraa_2022.mkv,Dobaaraa_2022
276,276,Doli.Saja.Ke.Rakhna.1998..mkv,D:\Simply_Movies\Bolly\Simply_Up_2_Date\\Alphabet D\Doli.Saja.Ke.Rakhna.1998..mkv,Doli.Saja.Ke.Rakhna.1998.
277,277,DON 1978 Amitabh HDRip.mp4,D:\Simply_Movies\Bolly\Simply_Up_2_Date\\Alphabet D\DON 1978 Amitabh HDRip.mp4,DON 1978 Amitabh HDRip
279,279,Dostana.2008.mkv,D:\Simply_Movies\Bolly\Simply_Up_2_Date\\Alphabet D\Dostana.2008.mkv,Dostana.2008
282,282,Do_Aankhen_Barah_Haath_V_Shantaram.mp4,D:\Simply_Movies\Bolly\Simply_Up_2_Date\\Alphabet D\Do_Aankhen_Barah_Haath_V_Shantaram.mp4,Do_Aankhen_Barah_Haath_V_Shantaram
283,283,Dream.Girl_2019.mkv,D:\Simply_Movies\Bolly\Simply_Up_2_Date\\Alphabet D\Dream.Girl_2019.mkv,Dream.Girl_2019
285,285,Drishyam-2.2022.mkv,D:\Simply_Movies\Bolly\Simply_Up_2_Date\\Alphabet D\Drishyam-2.2022.mkv,Drishyam-2.2022
286,286,Drishyam_2013.mkv,D:\Simply_Movies\Bolly\Simply_Up_2_Date\\Alphabet D\Drishyam_2013.mkv,Drishyam_2013
287,287,Drive.2019.mkv,D:\Simply_Movies\Bolly\Simply_Up_2_Date\\Alphabet D\Drive.2019.mkv,Drive.2019
296,296,Ek Ka Dum_Nenokkadine) (2014).mkv,D:\Simply_Movies\Bolly\Simply_Up_2_Date\\Alphabet E\Ek Ka Dum_Nenokkadine) (2014).mkv,Ek Ka Dum_Nenokkadine) (2014)
300,300,Ek.Tha.Tiger.2012.mkv,D:\Simply_Movies\Bolly\Simply_Up_2_Date\\Alphabet E\Ek.Tha.Tiger.2012.mkv,Ek.Tha.Tiger.2012
306,306,Exposed.2016.mkv,D:\Simply_Movies\Bolly\Simply_Up_2_Date\\Alphabet E\Exposed.2016.mkv,Exposed.2016
310,310,Fever.2016.mkv,D:\Simply_Movies\Bolly\Simply_Up_2_Date\\Alphabet F\Fever.2016.mkv,Fever.2016
312,312,Filmistaan.2014.mp4,D:\Simply_Movies\Bolly\Simply_Up_2_Date\\Alphabet F\Filmistaan.2014.mp4,Filmistaan.2014
316,316,Force.2011.mkv,D:\Simply_Movies\Bolly\Simply_Up_2_Date\\Alphabet F\Force.2011.mkv,Force.2011
317,317,Ford_Vs_Ferrari.mkv,D:\Simply_Movies\Bolly\Simply_Up_2_Date\\Alphabet F\Ford_Vs_Ferrari.mkv,Ford_Vs_Ferrari
318,318,Fracture.2007.mkv,D:\Simply_Movies\Bolly\Simply_Up_2_Date\\Alphabet F\Fracture.2007.mkv,Fracture.2007
322,322,Fukrey.2013.mp4,D:\Simply_Movies\Bolly\Simply_Up_2_Date\\Alphabet F\Fukrey.2013.mp4,Fukrey.2013
324,324,Gadar-Ek.Prem.Katha.2001.mkv,D:\Simply_Movies\Bolly\Simply_Up_2_Date\\Alphabet G\Gadar-Ek.Prem.Katha.2001.mkv,Gadar-Ek.Prem.Katha.2001
325,325,Gadar_Ek_Prem_Katha_2001.mkv,D:\Simply_Movies\Bolly\Simply_Up_2_Date\\Alphabet G\Gadar_Ek_Prem_Katha_2001.mkv,Gadar_Ek_Prem_Katha_2001
327,327,Gali Gali Chor Hai.mp4,D:\Simply_Movies\Bolly\Simply_Up_2_Date\\Alphabet G\Gali Gali Chor Hai.mp4,Gali Gali Chor Hai
330,330,Gangaa_Jamuna_Saraswathi_1988.mp4,D:\Simply_Movies\Bolly\Simply_Up_2_Date\\Alphabet G\Gangaa_Jamuna_Saraswathi_1988.mp4,Gangaa_Jamuna_Saraswathi_1988
334,334,Gangubai_Kathiawadi_2022.mkv,D:\Simply_Movies\Bolly\Simply_Up_2_Date\\Alphabet G\Gangubai_Kathiawadi_2022.mkv,Gangubai_Kathiawadi_2022
335,335,Garam Khoon_Vinod Khanna _ Sulakshana Pandit.mkv,D:\Simply_Movies\Bolly\Simply_Up_2_Date\\Alphabet G\Garam Khoon_Vinod Khanna _ Sulakshana Pandit.mkv,Garam Khoon_Vinod Khanna _ Sulakshana Pandit
336,336,Garam_Masala_2005.mkv,D:\Simply_Movies\Bolly\Simply_Up_2_Date\\Alphabet G\Garam_Masala_2005.mkv,Garam_Masala_2005
337,337,Gargi_2022.mkv,D:\Simply_Movies\Bolly\Simply_Up_2_Date\\Alphabet G\Gargi_2022.mkv,Gargi_2022
338,338,Garv.2004.mp4,D:\Simply_Movies\Bolly\Simply_Up_2_Date\\Alphabet G\Garv.2004.mp4,Garv.2004
340,340,Gauri_Sunil Dutt.mp4,D:\Simply_Movies\Bolly\Simply_Up_2_Date\\Alphabet G\Gauri_Sunil Dutt.mp4,Gauri_Sunil Dutt
342,342,Geetha_Govindam_2018.mkv,D:\Simply_Movies\Bolly\Simply_Up_2_Date\\Alphabet G\Geetha_Govindam_2018.mkv,Geetha_Govindam_2018
344,344,Gehraiyaan_2022.mkv,D:\Simply_Movies\Bolly\Simply_Up_2_Date\\Alphabet G\Gehraiyaan_2022.mkv,Gehraiyaan_2022
348,348,Ghayal (2016).mkv,D:\Simply_Movies\Bolly\Simply_Up_2_Date\\Alphabet G\Ghayal (2016).mkv,Ghayal (2016)
350,350,Ghost.stories_2020.mkv,D:\Simply_Movies\Bolly\Simply_Up_2_Date\\Alphabet G\Ghost.stories_2020.mkv,Ghost.stories_2020
352,352,Go.Goa.Gone.2013.mkv,D:\Simply_Movies\Bolly\Simply_Up_2_Date\\Alphabet G\Go.Goa.Gone.2013.mkv,Go.Goa.Gone.2013
356,356,GolluPappu2014.mkv,D:\Simply_Movies\Bolly\Simply_Up_2_Date\\Alphabet G\GolluPappu2014.mkv,GolluPappu2014
362,362,Goodbye_2022.Mkv,D:\Simply_Movies\Bolly\Simply_Up_2_Date\\Alphabet G\Goodbye_2022.Mkv,Goodbye_2022
365,365,Great_Grand_Masti_2016.mkv,D:\Simply_Movies\Bolly\Simply_Up_2_Date\\Alphabet G\Great_Grand_Masti_2016.mkv,Great_Grand_Masti_2016
368,368,Guilty.2020.mkv,D:\Simply_Movies\Bolly\Simply_Up_2_Date\\Alphabet G\Guilty.2020.mkv,Guilty.2020
372,372,Gunday.2014.mkv,D:\Simply_Movies\Bolly\Simply_Up_2_Date\\Alphabet G\Gunday.2014.mkv,Gunday.2014
375,375,Gurgaon.2017.mkv,D:\Simply_Movies\Bolly\Simply_Up_2_Date\\Alphabet G\Gurgaon.2017.mkv,Gurgaon.2017
383,383,Hadh_Kar_Di_Aapne.mkv,D:\Simply_Movies\Bolly\Simply_Up_2_Date\\Alphabet H\Hadh_Kar_Di_Aapne.mkv,Hadh_Kar_Di_Aapne
385,385,Halahal_2020.mkv,D:\Simply_Movies\Bolly\Simply_Up_2_Date\\Alphabet H\Halahal_2020.mkv,Halahal_2020
390,390,Hansika MotwaniTrilogy (2017) .mp4,D:\Simply_Movies\Bolly\Simply_Up_2_Date\\Alphabet H\Hansika MotwaniTrilogy (2017) .mp4,Hansika MotwaniTrilogy (2017) 
395,395,Haseena Parkar.2017.mkv,D:\Simply_Movies\Bolly\Simply_Up_2_Date\\Alphabet H\Haseena Parkar.2017.mkv,Haseena Parkar.2017
401,401,Haunted.2011.mkv,D:\Simply_Movies\Bolly\Simply_Up_2_Date\\Alphabet H\Haunted.2011.mkv,Haunted.2011
403,403,Hazaaro.Khwaishein.2005.mkv,D:\Simply_Movies\Bolly\Simply_Up_2_Date\\Alphabet H\Hazaaro.Khwaishein.2005.mkv,Hazaaro.Khwaishein.2005
404,404,Helmet.2021.mkv,D:\Simply_Movies\Bolly\Simply_Up_2_Date\\Alphabet H\Helmet.2021.mkv,Helmet.2021
407,407,Hero.1983.mkv,D:\Simply_Movies\Bolly\Simply_Up_2_Date\\Alphabet H\Hero.1983.mkv,Hero.1983
412,412,Himalay.Putra.1997.mkv,D:\Simply_Movies\Bolly\Simply_Up_2_Date\\Alphabet H\Himalay.Putra.1997.mkv,Himalay.Putra.1997
414,414,Home Delivery.mp4,D:\Simply_Movies\Bolly\Simply_Up_2_Date\\Alphabet H\Home Delivery.mp4,Home Delivery
416,416,Hotel.Mumbai.2019.mkv,D:\Simply_Movies\Bolly\Simply_Up_2_Date\\Alphabet H\Hotel.Mumbai.2019.mkv,Hotel.Mumbai.2019
420,420,Housefull.3.2016.mkv,D:\Simply_Movies\Bolly\Simply_Up_2_Date\\Alphabet H\Housefull.3.2016.mkv,Housefull.3.2016
421,421,House_of_Secrets__The_Burari_Deaths_Season_1_2021.mkv,D:\Simply_Movies\Bolly\Simply_Up_2_Date\\Alphabet H\House_of_Secrets__The_Burari_Deaths_Season_1_2021.mkv,House_of_Secrets__The_Burari_Deaths_Season_1_2021
430,430,Hum_Dono_Rajesh_Khanna.mp4,D:\Simply_Movies\Bolly\Simply_Up_2_Date\\Alphabet H\Hum_Dono_Rajesh_Khanna.mp4,Hum_Dono_Rajesh_Khanna
431,431,Hum_Do_Hamare_Do_2021.mkv,D:\Simply_Movies\Bolly\Simply_Up_2_Date\\Alphabet H\Hum_Do_Hamare_Do_2021.mkv,Hum_Do_Hamare_Do_2021
432,432,Hum_Ho_Gaye_Aapke.mkv,D:\Simply_Movies\Bolly\Simply_Up_2_Date\\Alphabet H\Hum_Ho_Gaye_Aapke.mkv,Hum_Ho_Gaye_Aapke
433,433,Hum_Tum_Pe_Marte_Hain.mp4,D:\Simply_Movies\Bolly\Simply_Up_2_Date\\Alphabet H\Hum_Tum_Pe_Marte_Hain.mp4,Hum_Tum_Pe_Marte_Hain
435,435,Hungama_1971.mkv,D:\Simply_Movies\Bolly\Simply_Up_2_Date\\Alphabet H\Hungama_1971.mkv,Hungama_1971
436,436,Hurdang_2022.mkv,D:\Simply_Movies\Bolly\Simply_Up_2_Date\\Alphabet H\Hurdang_2022.mkv,Hurdang_2022
441,441,I.mkv,D:\Simply_Movies\Bolly\Simply_Up_2_Date\\Alphabet I\I.mkv,I
445,445,Ilaaka_Mithun.Sanjay.Madhuri.mp4,D:\Simply_Movies\Bolly\Simply_Up_2_Date\\Alphabet I\Ilaaka_Mithun.Sanjay.Madhuri.mp4,Ilaaka_Mithun.Sanjay.Madhuri
446,446,Immaan Dharam.Amitabh.mp4,D:\Simply_Movies\Bolly\Simply_Up_2_Date\\Alphabet I\Immaan Dharam.Amitabh.mp4,Immaan Dharam.Amitabh
447,447,Independence Day (1996).mkv,D:\Simply_Movies\Bolly\Simply_Up_2_Date\\Alphabet I\Independence Day (1996).mkv,Independence Day (1996)
448,448,Independence Day 2 (2016).mkv,D:\Simply_Movies\Bolly\Simply_Up_2_Date\\Alphabet I\Independence Day 2 (2016).mkv,Independence Day 2 (2016)
457,457,Ishqeria.2018.mkv,D:\Simply_Movies\Bolly\Simply_Up_2_Date\\Alphabet I\Ishqeria.2018.mkv,Ishqeria.2018
458,458,Ishq_1997_Aamir_Khan_Ajay_Devgan.mp4,D:\Simply_Movies\Bolly\Simply_Up_2_Date\\Alphabet I\Ishq_1997_Aamir_Khan_Ajay_Devgan.mp4,Ishq_1997_Aamir_Khan_Ajay_Devgan
459,459,iSmart_Shankar_2019.mkv,D:\Simply_Movies\Bolly\Simply_Up_2_Date\\Alphabet I\iSmart_Shankar_2019.mkv,iSmart_Shankar_2019
464,464,Jaanam.Samjha.Karo.1999.mkv,D:\Simply_Movies\Bolly\Simply_Up_2_Date\\Alphabet J\Jaanam.Samjha.Karo.1999.mkv,Jaanam.Samjha.Karo.1999
466,466,Jaanisaar.2015.mp4,D:\Simply_Movies\Bolly\Simply_Up_2_Date\\Alphabet J\Jaanisaar.2015.mp4,Jaanisaar.2015
467,467,Jaan_E_Mann.mp4,D:\Simply_Movies\Bolly\Simply_Up_2_Date\\Alphabet J\Jaan_E_Mann.mp4,Jaan_E_Mann
471,471,Jackpot (2013).mkv,D:\Simply_Movies\Bolly\Simply_Up_2_Date\\Alphabet J\Jackpot (2013).mkv,Jackpot (2013)
473,473,Jai_Gangaajal_2016.mkv,D:\Simply_Movies\Bolly\Simply_Up_2_Date\\Alphabet J\Jai_Gangaajal_2016.mkv,Jai_Gangaajal_2016
474,474,Jalebi - The Taste of Everlasting Love .2018.mkv,D:\Simply_Movies\Bolly\Simply_Up_2_Date\\Alphabet J\Jalebi - The Taste of Everlasting Love .2018.mkv,Jalebi - The Taste of Everlasting Love .2018
477,477,Jannat.2.2012.mkv,D:\Simply_Movies\Bolly\Simply_Up_2_Date\\Alphabet J\Jannat.2.2012.mkv,Jannat.2.2012
479,479,Jawaan_2017.mp4,D:\Simply_Movies\Bolly\Simply_Up_2_Date\\Alphabet J\Jawaan_2017.mp4,Jawaan_2017
480,480,Jawab_Harish Kumar - Karishma Kapoor - Prem Chopra.mp4,D:\Simply_Movies\Bolly\Simply_Up_2_Date\\Alphabet J\Jawab_Harish Kumar - Karishma Kapoor - Prem Chopra.mp4,Jawab_Harish Kumar - Karishma Kapoor - Prem Chopra
481,481,Jawani_Diwani.mkv,D:\Simply_Movies\Bolly\Simply_Up_2_Date\\Alphabet J\Jawani_Diwani.mkv,Jawani_Diwani
482,482,Jayantabhai.Ki.Luv.Story.2013.mkv,D:\Simply_Movies\Bolly\Simply_Up_2_Date\\Alphabet J\Jayantabhai.Ki.Luv.Story.2013.mkv,Jayantabhai.Ki.Luv.Story.2013
483,483,Jayeshbhai_Jordaar_2022.mkv,D:\Simply_Movies\Bolly\Simply_Up_2_Date\\Alphabet J\Jayeshbhai_Jordaar_2022.mkv,Jayeshbhai_Jordaar_2022
490,490,Jigariyaa 2014.mkv,D:\Simply_Movies\Bolly\Simply_Up_2_Date\\Alphabet J\Jigariyaa 2014.mkv,Jigariyaa 2014
492,492,Jism.2.2012.mp4,D:\Simply_Movies\Bolly\Simply_Up_2_Date\\Alphabet J\Jism.2.2012.mp4,Jism.2.2012
495,495,Jodi No.1 (2001).mp4,D:\Simply_Movies\Bolly\Simply_Up_2_Date\\Alphabet J\Jodi No.1 (2001).mp4,Jodi No.1 (2001)
498,498,Jolly.Llb.2.2017.mkv,D:\Simply_Movies\Bolly\Simply_Up_2_Date\\Alphabet J\Jolly.Llb.2.2017.mkv,Jolly.Llb.2.2017
499,499,Joroo Ka Ghulam.Rajesh Khanna.mp4,D:\Simply_Movies\Bolly\Simply_Up_2_Date\\Alphabet J\Joroo Ka Ghulam.Rajesh Khanna.mp4,Joroo Ka Ghulam.Rajesh Khanna
501,501,Jo_Jeeta_Wohi_Sikandar.webm,D:\Simply_Movies\Bolly\Simply_Up_2_Date\\Alphabet J\Jo_Jeeta_Wohi_Sikandar.webm,Jo_Jeeta_Wohi_Sikandar
502,502,Judgementall.Hai.Kya.2019.mkv,D:\Simply_Movies\Bolly\Simply_Up_2_Date\\Alphabet J\Judgementall.Hai.Kya.2019.mkv,Judgementall.Hai.Kya.2019
503,503,Judwaa.1997.mkv,D:\Simply_Movies\Bolly\Simply_Up_2_Date\\Alphabet J\Judwaa.1997.mkv,Judwaa.1997
504,504,Judwaa.2.2017.mkv,D:\Simply_Movies\Bolly\Simply_Up_2_Date\\Alphabet J\Judwaa.2.2017.mkv,Judwaa.2.2017
505,505,JugJugg_Jeeyo_2022.mkv,D:\Simply_Movies\Bolly\Simply_Up_2_Date\\Alphabet J\JugJugg_Jeeyo_2022.mkv,JugJugg_Jeeyo_2022
507,507,Jungle.2017.mkv,D:\Simply_Movies\Bolly\Simply_Up_2_Date\\Alphabet J\Jungle.2017.mkv,Jungle.2017
508,508,Jurmana.Amitabh Bachchan.mp4,D:\Simply_Movies\Bolly\Simply_Up_2_Date\\Alphabet J\Jurmana.Amitabh Bachchan.mp4,Jurmana.Amitabh Bachchan
511,511,K.G.F Chapter 1 - 2018.mkv,D:\Simply_Movies\Bolly\Simply_Up_2_Date\\Alphabet K\K.G.F Chapter 1 - 2018.mkv,K.G.F Chapter 1 - 2018
513,513,Kaabil.2017.mkv,D:\Simply_Movies\Bolly\Simply_Up_2_Date\\Alphabet K\Kaabil.2017.mkv,Kaabil.2017
514,514,Kaagaz Ke Fools_ 2015.mkv,D:\Simply_Movies\Bolly\Simply_Up_2_Date\\Alphabet K\Kaagaz Ke Fools_ 2015.mkv,Kaagaz Ke Fools_ 2015
523,523,Kabeela.Firoz Khan.mp4,D:\Simply_Movies\Bolly\Simply_Up_2_Date\\Alphabet K\Kabeela.Firoz Khan.mp4,Kabeela.Firoz Khan
525,525,Kabhi_Na_Kabhi_1998.mkv,D:\Simply_Movies\Bolly\Simply_Up_2_Date\\Alphabet K\Kabhi_Na_Kabhi_1998.mkv,Kabhi_Na_Kabhi_1998
530,530,Kaho_Naa_Pyaar_Hai_2000_720p.mkv,D:\Simply_Movies\Bolly\Simply_Up_2_Date\\Alphabet K\Kaho_Naa_Pyaar_Hai_2000_720p.mkv,Kaho_Naa_Pyaar_Hai_2000_720p
534,534,Kalicharan.1976.mp4,D:\Simply_Movies\Bolly\Simply_Up_2_Date\\Alphabet K\Kalicharan.1976.mp4,Kalicharan.1976
536,536,Kandukondain_Kandukondain_2000.avi,D:\Simply_Movies\Bolly\Simply_Up_2_Date\\Alphabet K\Kandukondain_Kandukondain_2000.avi,Kandukondain_Kandukondain_2000
537,537,Kanpuriye_2019.mkv,D:\Simply_Movies\Bolly\Simply_Up_2_Date\\Alphabet K\Kanpuriye_2019.mkv,Kanpuriye_2019
538,538,Kapoor.and.Sons.2016.mp4,D:\Simply_Movies\Bolly\Simply_Up_2_Date\\Alphabet K\Kapoor.and.Sons.2016.mp4,Kapoor.and.Sons.2016
540,540,Karar_The_Deal_2014.mkv,D:\Simply_Movies\Bolly\Simply_Up_2_Date\\Alphabet K\Karar_The_Deal_2014.mkv,Karar_The_Deal_2014
541,541,Karma_1986.mp4,D:\Simply_Movies\Bolly\Simply_Up_2_Date\\Alphabet K\Karma_1986.mp4,Karma_1986
542,542,Karm_Yuddh_2022_720p.mkv,D:\Simply_Movies\Bolly\Simply_Up_2_Date\\Alphabet K\Karm_Yuddh_2022_720p.mkv,Karm_Yuddh_2022_720p
543,543,Karz 1980 WebRip 720p Hindi AAC 2.0 x264 ESub - mkvCinemas.mkv,D:\Simply_Movies\Bolly\Simply_Up_2_Date\\Alphabet K\Karz 1980 WebRip 720p Hindi AAC 2.0 x264 ESub - mkvCinemas.mkv,Karz 1980 WebRip 720p Hindi AAC 2.0 x264 ESub - mkvCinemas
546,546,Kasganj _2019.mkv,D:\Simply_Movies\Bolly\Simply_Up_2_Date\\Alphabet K\Kasganj _2019.mkv,Kasganj _2019
547,547,Katha.(1983).mkv,D:\Simply_Movies\Bolly\Simply_Up_2_Date\\Alphabet K\Katha.(1983).mkv,Katha.(1983)
548,548,Katha_1982.mkv,D:\Simply_Movies\Bolly\Simply_Up_2_Date\\Alphabet K\Katha_1982.mkv,Katha_1982
551,551,Kaun_Pravin_Tambe_2022.mkv,D:\Simply_Movies\Bolly\Simply_Up_2_Date\\Alphabet K\Kaun_Pravin_Tambe_2022.mkv,Kaun_Pravin_Tambe_2022
552,552,Kedarnath_2018.mkv,D:\Simply_Movies\Bolly\Simply_Up_2_Date\\Alphabet K\Kedarnath_2018.mkv,Kedarnath_2018
553,553,Khaali Peeli.2020.mkv,D:\Simply_Movies\Bolly\Simply_Up_2_Date\\Alphabet K\Khaali Peeli.2020.mkv,Khaali Peeli.2020
554,554,Khakee The Bihar (2022) Hindi Season 1 Complete - 720P.mkv,D:\Simply_Movies\Bolly\Simply_Up_2_Date\\Alphabet K\Khakee The Bihar (2022) Hindi Season 1 Complete - 720P.mkv,Khakee The Bihar (2022) Hindi Season 1 Complete - 720P
557,557,Khamosh.Pani.(2003).avi,D:\Simply_Movies\Bolly\Simply_Up_2_Date\\Alphabet K\Khamosh.Pani.(2003).avi,Khamosh.Pani.(2003)
558,558,Khamoshiyan.2015.mkv,D:\Simply_Movies\Bolly\Simply_Up_2_Date\\Alphabet K\Khamoshiyan.2015.mkv,Khamoshiyan.2015
560,560,Khawto (2016) [Bengali].mp4,D:\Simply_Movies\Bolly\Simply_Up_2_Date\\Alphabet K\Khawto (2016) [Bengali].mp4,Khawto (2016) [Bengali]
562,562,Khel_ Mohabbat_Ka.FarooqSheikh.1986.mp4,D:\Simply_Movies\Bolly\Simply_Up_2_Date\\Alphabet K\Khel_ Mohabbat_Ka.FarooqSheikh.1986.mp4,Khel_ Mohabbat_Ka.FarooqSheikh.1986
563,563,Khiladi_786.mkv,D:\Simply_Movies\Bolly\Simply_Up_2_Date\\Alphabet K\Khiladi_786.mkv,Khiladi_786
564,564,Khilona.1970.mkv,D:\Simply_Movies\Bolly\Simply_Up_2_Date\\Alphabet K\Khilona.1970.mkv,Khilona.1970
568,568,Khuda.haafiz.2020.mkv,D:\Simply_Movies\Bolly\Simply_Up_2_Date\\Alphabet K\Khuda.haafiz.2020.mkv,Khuda.haafiz.2020
570,570,Ki&Ka.2016.mkv,D:\Simply_Movies\Bolly\Simply_Up_2_Date\\Alphabet K\Ki&Ka.2016.mkv,Ki&Ka.2016
573,573,Kill.Dil.2014.mkv,D:\Simply_Movies\Bolly\Simply_Up_2_Date\\Alphabet K\Kill.Dil.2014.mkv,Kill.Dil.2014
574,574,Kingdom_S01E01_Episode_1.mkv,D:\Simply_Movies\Bolly\Simply_Up_2_Date\\Alphabet K\Kingdom_S01E01_Episode_1.mkv,Kingdom_S01E01_Episode_1
577,577,Konjam_Menakkale.mkv,D:\Simply_Movies\Bolly\Simply_Up_2_Date\\Alphabet K\Konjam_Menakkale.mkv,Konjam_Menakkale
580,580,Krishnarjuna_Yudham.mkv,D:\Simply_Movies\Bolly\Simply_Up_2_Date\\Alphabet K\Krishnarjuna_Yudham.mkv,Krishnarjuna_Yudham
581,581,Krrish_3.mkv,D:\Simply_Movies\Bolly\Simply_Up_2_Date\\Alphabet K\Krrish_3.mkv,Krrish_3
583,583,Kudrat_1998.mkv,D:\Simply_Movies\Bolly\Simply_Up_2_Date\\Alphabet K\Kudrat_1998.mkv,Kudrat_1998
584,584,Kudrat_RajeshKhanna.MP4,D:\Simply_Movies\Bolly\Simply_Up_2_Date\\Alphabet K\Kudrat_RajeshKhanna.MP4,Kudrat_RajeshKhanna
589,589,Laal Kaptaan 2019.mkv,D:\Simply_Movies\Bolly\Simply_Up_2_Date\\Alphabet L\Laal Kaptaan 2019.mkv,Laal Kaptaan 2019
594,594,Lajja.2001.avi,D:\Simply_Movies\Bolly\Simply_Up_2_Date\\Alphabet L\Lajja.2001.avi,Lajja.2001
595,595,Lakhon_Ki_Baat_1984.mkv,D:\Simply_Movies\Bolly\Simply_Up_2_Date\\Alphabet L\Lakhon_Ki_Baat_1984.mkv,Lakhon_Ki_Baat_1984
596,596,Lakshmanrekha_Jackie_Naseruddin.mp4,D:\Simply_Movies\Bolly\Simply_Up_2_Date\\Alphabet L\Lakshmanrekha_Jackie_Naseruddin.mp4,Lakshmanrekha_Jackie_Naseruddin
601,601,Lara Croft.Tomb.Raider.The.Cradle.Of.Life.2003.mkv,D:\Simply_Movies\Bolly\Simply_Up_2_Date\\Alphabet L\Lara Croft.Tomb.Raider.The.Cradle.Of.Life.2003.mkv,Lara Croft.Tomb.Raider.The.Cradle.Of.Life.2003
606,606,Life.of.Pi.2012.mp4,D:\Simply_Movies\Bolly\Simply_Up_2_Date\\Alphabet L\Life.of.Pi.2012.mp4,Life.of.Pi.2012
607,607,Line.of.Descent.2019.HDRip.@Bollywoodcinemas.mkv,D:\Simply_Movies\Bolly\Simply_Up_2_Date\\Alphabet L\Line.of.Descent.2019.HDRip.@Bollywoodcinemas.mkv,Line.of.Descent.2019.HDRip.@Bollywoodcinemas
610,610,Lisaa 2020 Hindi 1080p.mkv,D:\Simply_Movies\Bolly\Simply_Up_2_Date\\Alphabet L\Lisaa 2020 Hindi 1080p.mkv,Lisaa 2020 Hindi 1080p
612,612,London Dreams 2009.mkv,D:\Simply_Movies\Bolly\Simply_Up_2_Date\\Alphabet L\London Dreams 2009.mkv,London Dreams 2009
613,613,Looop.Lapeta.2022.mkv,D:\Simply_Movies\Bolly\Simply_Up_2_Date\\Alphabet L\Looop.Lapeta.2022.mkv,Looop.Lapeta.2022
614,614,Lootcase.2020.mkv,D:\Simply_Movies\Bolly\Simply_Up_2_Date\\Alphabet L\Lootcase.2020.mkv,Lootcase.2020
620,620,Lust Stories (2018) @HindiHDmovies.mkv,D:\Simply_Movies\Bolly\Simply_Up_2_Date\\Alphabet L\Lust Stories (2018) @HindiHDmovies.mkv,Lust Stories (2018) @HindiHDmovies
621,621,M.A.D - Mad About Dance .mp4,D:\Simply_Movies\Bolly\Simply_Up_2_Date\\Alphabet M\M.A.D - Mad About Dance .mp4,M.A.D - Mad About Dance 
622,622,M.S. Dhoni The Untold Story (2016).mkv,D:\Simply_Movies\Bolly\Simply_Up_2_Date\\Alphabet M\M.S. Dhoni The Untold Story (2016).mkv,M.S. Dhoni The Untold Story (2016)
623,623,Maach.Misti.And.More.2013..mkv,D:\Simply_Movies\Bolly\Simply_Up_2_Date\\Alphabet M\Maach.Misti.And.More.2013..mkv,Maach.Misti.And.More.2013.
626,626,Made.in.china2019.mkv,D:\Simply_Movies\Bolly\Simply_Up_2_Date\\Alphabet M\Made.in.china2019.mkv,Made.in.china2019
627,627,Madhumati_1978.mp4,D:\Simply_Movies\Bolly\Simply_Up_2_Date\\Alphabet M\Madhumati_1978.mp4,Madhumati_1978
628,628,Madly_2016.m4v,D:\Simply_Movies\Bolly\Simply_Up_2_Date\\Alphabet M\Madly_2016.m4v,Madly_2016
629,629,Madness_In_The_Desert_2004.mkv,D:\Simply_Movies\Bolly\Simply_Up_2_Date\\Alphabet M\Madness_In_The_Desert_2004.mkv,Madness_In_The_Desert_2004
631,631,Mahaanta_Sanjay Dutt.mp4,D:\Simply_Movies\Bolly\Simply_Up_2_Date\\Alphabet M\Mahaanta_Sanjay Dutt.mp4,Mahaanta_Sanjay Dutt
634,634,Majnu.2016.mkv,D:\Simply_Movies\Bolly\Simply_Up_2_Date\\Alphabet M\Majnu.2016.mkv,Majnu.2016
637,637,Malayankunju_2022.mkv,D:\Simply_Movies\Bolly\Simply_Up_2_Date\\Alphabet M\Malayankunju_2022.mkv,Malayankunju_2022
638,638,Maleficent.Mistress.Of.Evil.2019.mp4,D:\Simply_Movies\Bolly\Simply_Up_2_Date\\Alphabet M\Maleficent.Mistress.Of.Evil.2019.mp4,Maleficent.Mistress.Of.Evil.2019
640,640,Mangal_Dada_1986Sunil_Dutt.mkv,D:\Simply_Movies\Bolly\Simply_Up_2_Date\\Alphabet M\Mangal_Dada_1986Sunil_Dutt.mkv,Mangal_Dada_1986Sunil_Dutt
641,641,Mangal_Pandey_The_Rising.mp4,D:\Simply_Movies\Bolly\Simply_Up_2_Date\\Alphabet M\Mangal_Pandey_The_Rising.mp4,Mangal_Pandey_The_Rising
642,642,Manjunath_2014.mkv,D:\Simply_Movies\Bolly\Simply_Up_2_Date\\Alphabet M\Manjunath_2014.mkv,Manjunath_2014
645,645,Manorama.Six.Feet.Under.2007.mp4,D:\Simply_Movies\Bolly\Simply_Up_2_Date\\Alphabet M\Manorama.Six.Feet.Under.2007.mp4,Manorama.Six.Feet.Under.2007
649,649,Mard_Ko_Dard_Nahi_Hota_2019.mkv,D:\Simply_Movies\Bolly\Simply_Up_2_Date\\Alphabet M\Mard_Ko_Dard_Nahi_Hota_2019.mkv,Mard_Ko_Dard_Nahi_Hota_2019
652,652,Mary Kom 2014 @hindihdmovies.mkv,D:\Simply_Movies\Bolly\Simply_Up_2_Date\\Alphabet M\Mary Kom 2014 @hindihdmovies.mkv,Mary Kom 2014 @hindihdmovies
654,654,Mashaal_1984.mkv,D:\Simply_Movies\Bolly\Simply_Up_2_Date\\Alphabet M\Mashaal_1984.mkv,Mashaal_1984
655,655,Masoom1983-MB.avi,D:\Simply_Movies\Bolly\Simply_Up_2_Date\\Alphabet M\Masoom1983-MB.avi,Masoom1983-MB
657,657,Mastizaade.2016.mkv,D:\Simply_Movies\Bolly\Simply_Up_2_Date\\Alphabet M\Mastizaade.2016.mkv,Mastizaade.2016
659,659,Maze_Runner_The_Death_Cure.mkv,D:\Simply_Movies\Bolly\Simply_Up_2_Date\\Alphabet M\Maze_Runner_The_Death_Cure.mkv,Maze_Runner_The_Death_Cure
660,660,Maze_Runner__The_Scorch_Trials.mkv,D:\Simply_Movies\Bolly\Simply_Up_2_Date\\Alphabet M\Maze_Runner__The_Scorch_Trials.mkv,Maze_Runner__The_Scorch_Trials
662,662,Mega_Icons_E02_Ratan_Tata.mkv,D:\Simply_Movies\Bolly\Simply_Up_2_Date\\Alphabet M\Mega_Icons_E02_Ratan_Tata.mkv,Mega_Icons_E02_Ratan_Tata
663,663,Mela (1971)Feroz Khan.mp4,D:\Simply_Movies\Bolly\Simply_Up_2_Date\\Alphabet M\Mela (1971)Feroz Khan.mp4,Mela (1971)Feroz Khan
664,664,Members Only 2017 CHINESE.mkv,D:\Simply_Movies\Bolly\Simply_Up_2_Date\\Alphabet M\Members Only 2017 CHINESE.mkv,Members Only 2017 CHINESE
665,665,Members Only 2017 CHINESE.srt,D:\Simply_Movies\Bolly\Simply_Up_2_Date\\Alphabet M\Members Only 2017 CHINESE.srt,Members Only 2017 CHINESE
669,669,Mera Saaya _SunilDutt.mp4,D:\Simply_Movies\Bolly\Simply_Up_2_Date\\Alphabet M\Mera Saaya _SunilDutt.mp4,Mera Saaya _SunilDutt
671,671,Mere Huzoor Jeetendra.mp4,D:\Simply_Movies\Bolly\Simply_Up_2_Date\\Alphabet M\Mere Huzoor Jeetendra.mp4,Mere Huzoor Jeetendra
672,672,Mere_Apne_1971.mkv,D:\Simply_Movies\Bolly\Simply_Up_2_Date\\Alphabet M\Mere_Apne_1971.mkv,Mere_Apne_1971
673,673,Mere_Brother_Ki_Dulhan 2011.mkv,D:\Simply_Movies\Bolly\Simply_Up_2_Date\\Alphabet M\Mere_Brother_Ki_Dulhan 2011.mkv,Mere_Brother_Ki_Dulhan 2011
676,676,Meri.Nimmo.2018.mkv,D:\Simply_Movies\Bolly\Simply_Up_2_Date\\Alphabet M\Meri.Nimmo.2018.mkv,Meri.Nimmo.2018
678,678,Milan_SunilDutt.mp4,D:\Simply_Movies\Bolly\Simply_Up_2_Date\\Alphabet M\Milan_SunilDutt.mp4,Milan_SunilDutt
679,679,Mili.1975.mkv,D:\Simply_Movies\Bolly\Simply_Up_2_Date\\Alphabet M\Mili.1975.mkv,Mili.1975
686,686,Mission.Kashmir.2006.mp4,D:\Simply_Movies\Bolly\Simply_Up_2_Date\\Alphabet M\Mission.Kashmir.2006.mp4,Mission.Kashmir.2006
690,690,Mohalla.Assi.2018.mkv,D:\Simply_Movies\Bolly\Simply_Up_2_Date\\Alphabet M\Mohalla.Assi.2018.mkv,Mohalla.Assi.2018
694,694,Monsoon.Shootout[2017].mp4,D:\Simply_Movies\Bolly\Simply_Up_2_Date\\Alphabet M\Monsoon.Shootout[2017].mp4,Monsoon.Shootout[2017]
695,695,Motherless.Brooklyn.2019.mp4,D:\Simply_Movies\Bolly\Simply_Up_2_Date\\Alphabet M\Motherless.Brooklyn.2019.mp4,Motherless.Brooklyn.2019
696,696,Motichoor_Chaknachoor.mkv,D:\Simply_Movies\Bolly\Simply_Up_2_Date\\Alphabet M\Motichoor_Chaknachoor.mkv,Motichoor_Chaknachoor
701,701,Mr. X (2015).mkv,D:\Simply_Movies\Bolly\Simply_Up_2_Date\\Alphabet M\Mr. X (2015).mkv,Mr. X (2015)
702,702,Mr. X 2015☑️.mkv,D:\Simply_Movies\Bolly\Simply_Up_2_Date\\Alphabet M\Mr. X 2015☑️.mkv,Mr. X 2015☑️
703,703,Mr.Mrs.Khiladi.mkv,D:\Simply_Movies\Bolly\Simply_Up_2_Date\\Alphabet M\Mr.Mrs.Khiladi.mkv,Mr.Mrs.Khiladi
704,704,Mrs. Serial Killer 2020.mkv,D:\Simply_Movies\Bolly\Simply_Up_2_Date\\Alphabet M\Mrs. Serial Killer 2020.mkv,Mrs. Serial Killer 2020
705,705,Mr_India_1987.mkv,D:\Simply_Movies\Bolly\Simply_Up_2_Date\\Alphabet M\Mr_India_1987.mkv,Mr_India_1987
706,706,Muavza.Zameen.Ka.Paisa.2017.mkv,D:\Simply_Movies\Bolly\Simply_Up_2_Date\\Alphabet M\Muavza.Zameen.Ka.Paisa.2017.mkv,Muavza.Zameen.Ka.Paisa.2017
707,707,Muay.Thai.Chaiya 2007.mkv,D:\Simply_Movies\Bolly\Simply_Up_2_Date\\Alphabet M\Muay.Thai.Chaiya 2007.mkv,Muay.Thai.Chaiya 2007
712,712,Mukhosh_Arale_Andhokaar.mp4,D:\Simply_Movies\Bolly\Simply_Up_2_Date\\Alphabet M\Mukhosh_Arale_Andhokaar.mp4,Mukhosh_Arale_Andhokaar
713,713,Mukkabaaz.2018.mkv,D:\Simply_Movies\Bolly\Simply_Up_2_Date\\Alphabet M\Mukkabaaz.2018.mkv,Mukkabaaz.2018
722,722,Murder.2004.mkv,D:\Simply_Movies\Bolly\Simply_Up_2_Date\\Alphabet M\Murder.2004.mkv,Murder.2004
723,723,N.H 10 (2015).mkv,D:\Simply_Movies\Bolly\Simply_Up_2_Date\\Alphabet N\N.H 10 (2015).mkv,N.H 10 (2015)
725,725,Nagina_1986.mkv,D:\Simply_Movies\Bolly\Simply_Up_2_Date\\Alphabet N\Nagina_1986.mkv,Nagina_1986
726,726,Nagin_1976.mkv,D:\Simply_Movies\Bolly\Simply_Up_2_Date\\Alphabet N\Nagin_1976.mkv,Nagin_1976
727,727,Nakhuda movie 1981.mkv,D:\Simply_Movies\Bolly\Simply_Up_2_Date\\Alphabet N\Nakhuda movie 1981.mkv,Nakhuda movie 1981
728,728,Namak Haraam (1973).mkv,D:\Simply_Movies\Bolly\Simply_Up_2_Date\\Alphabet N\Namak Haraam (1973).mkv,Namak Haraam (1973)
729,729,Namastey London.mp4,D:\Simply_Movies\Bolly\Simply_Up_2_Date\\Alphabet N\Namastey London.mp4,Namastey London
730,730,Naram Garam 1981.avi,D:\Simply_Movies\Bolly\Simply_Up_2_Date\\Alphabet N\Naram Garam 1981.avi,Naram Garam 1981
731,731,Naughty @ 40.mp4,D:\Simply_Movies\Bolly\Simply_Up_2_Date\\Alphabet N\Naughty @ 40.mp4,Naughty @ 40
732,732,Nauker (1979).avi,D:\Simply_Movies\Bolly\Simply_Up_2_Date\\Alphabet N\Nauker (1979).avi,Nauker (1979)
733,733,NAYA DAUR(1957).mp4,D:\Simply_Movies\Bolly\Simply_Up_2_Date\\Alphabet N\NAYA DAUR(1957).mp4,NAYA DAUR(1957)
734,734,Naya Kadam.mkv,D:\Simply_Movies\Bolly\Simply_Up_2_Date\\Alphabet N\Naya Kadam.mkv,Naya Kadam
735,735,Naya Zamana.mp4,D:\Simply_Movies\Bolly\Simply_Up_2_Date\\Alphabet N\Naya Zamana.mp4,Naya Zamana
736,736,NeelKamal 1968.mp4,D:\Simply_Movies\Bolly\Simply_Up_2_Date\\Alphabet N\NeelKamal 1968.mp4,NeelKamal 1968
737,737,Neerja 2016.mkv,D:\Simply_Movies\Bolly\Simply_Up_2_Date\\Alphabet N\Neerja 2016.mkv,Neerja 2016
738,738,Nehle Pe Dehla (2018).mkv,D:\Simply_Movies\Bolly\Simply_Up_2_Date\\Alphabet N\Nehle Pe Dehla (2018).mkv,Nehle Pe Dehla (2018)
739,739,Nehle Pe Dehla 1976.mp4,D:\Simply_Movies\Bolly\Simply_Up_2_Date\\Alphabet N\Nehle Pe Dehla 1976.mp4,Nehle Pe Dehla 1976
740,740,Net.2021.mkv,D:\Simply_Movies\Bolly\Simply_Up_2_Date\\Alphabet N\Net.2021.mkv,Net.2021
741,741,New Raatchasan [2018].mkv,D:\Simply_Movies\Bolly\Simply_Up_2_Date\\Alphabet N\New Raatchasan [2018].mkv,New Raatchasan [2018]
742,742,Nil Battey Sannata (2016).mkv,D:\Simply_Movies\Bolly\Simply_Up_2_Date\\Alphabet N\Nil Battey Sannata (2016).mkv,Nil Battey Sannata (2016)
743,743,Nirahua Rickshawala 2.mp4,D:\Simply_Movies\Bolly\Simply_Up_2_Date\\Alphabet N\Nirahua Rickshawala 2.mp4,Nirahua Rickshawala 2
744,744,Nirdosh.mkv,D:\Simply_Movies\Bolly\Simply_Up_2_Date\\Alphabet N\Nirdosh.mkv,Nirdosh
745,745,Nishant (1975).mp4,D:\Simply_Movies\Bolly\Simply_Up_2_Date\\Alphabet N\Nishant (1975).mp4,Nishant (1975)
746,746,No Entry 2006.mp4,D:\Simply_Movies\Bolly\Simply_Up_2_Date\\Alphabet N\No Entry 2006.mp4,No Entry 2006
747,747,No smoking (2007).mkv,D:\Simply_Movies\Bolly\Simply_Up_2_Date\\Alphabet N\No smoking (2007).mkv,No smoking (2007)
748,748,Noah.2014.mp4,D:\Simply_Movies\Bolly\Simply_Up_2_Date\\Alphabet N\Noah.2014.mp4,Noah.2014
749,749,Noor (2017).mkv,D:\Simply_Movies\Bolly\Simply_Up_2_Date\\Alphabet N\Noor (2017).mkv,Noor (2017)
750,750,Norie 1979.mp4,D:\Simply_Movies\Bolly\Simply_Up_2_Date\\Alphabet N\Norie 1979.mp4,Norie 1979
751,751,Official Secrets 2019.mkv,D:\Simply_Movies\Bolly\Simply_Up_2_Date\\Alphabet O\Official Secrets 2019.mkv,Official Secrets 2019
752,752,Oh Darling Yeh Hai India 1995.mp4,D:\Simply_Movies\Bolly\Simply_Up_2_Date\\Alphabet O\Oh Darling Yeh Hai India 1995.mp4,Oh Darling Yeh Hai India 1995
753,753,Om Jai Jagadish (2002).mp4,D:\Simply_Movies\Bolly\Simply_Up_2_Date\\Alphabet O\Om Jai Jagadish (2002).mp4,Om Jai Jagadish (2002)
754,754,Om.Shanti.Om.2007.mp4,D:\Simply_Movies\Bolly\Simply_Up_2_Date\\Alphabet O\Om.Shanti.Om.2007.mp4,Om.Shanti.Om.2007
755,755,Omkara 2006.mkv,D:\Simply_Movies\Bolly\Simply_Up_2_Date\\Alphabet O\Omkara 2006.mkv,Omkara 2006
756,756,Once Upon A Time In Mumbaai 2010.mkv,D:\Simply_Movies\Bolly\Simply_Up_2_Date\\Alphabet O\Once Upon A Time In Mumbaai 2010.mkv,Once Upon A Time In Mumbaai 2010
757,757,Once.Upon.A.Time.....In.Hollywood.2019.mkv,D:\Simply_Movies\Bolly\Simply_Up_2_Date\\Alphabet O\Once.Upon.A.Time.....In.Hollywood.2019.mkv,Once.Upon.A.Time.....In.Hollywood.2019
758,758,One 2017 [Bengali].mkv,D:\Simply_Movies\Bolly\Simply_Up_2_Date\\Alphabet O\One 2017 [Bengali].mkv,One 2017 [Bengali]
759,759,One By Two (2014).mp4,D:\Simply_Movies\Bolly\Simply_Up_2_Date\\Alphabet O\One By Two (2014).mp4,One By Two (2014)
760,760,One Day Justice Delivered 2019.mkv,D:\Simply_Movies\Bolly\Simply_Up_2_Date\\Alphabet O\One Day Justice Delivered 2019.mkv,One Day Justice Delivered 2019
761,761,Open Water 3 Cage Dive (2017).mkv,D:\Simply_Movies\Bolly\Simply_Up_2_Date\\Alphabet O\Open Water 3 Cage Dive (2017).mkv,Open Water 3 Cage Dive (2017)
763,763,Paan.Singh.Tomar.(2012).mkv,D:\Simply_Movies\Bolly\Simply_Up_2_Date\\Alphabet P\Paan.Singh.Tomar.(2012).mkv,Paan.Singh.Tomar.(2012)
765,765,Padmaavat_2019.mp4,D:\Simply_Movies\Bolly\Simply_Up_2_Date\\Alphabet P\Padmaavat_2019.mp4,Padmaavat_2019
767,767,Padmavyuha_2022.mkv,D:\Simply_Movies\Bolly\Simply_Up_2_Date\\Alphabet P\Padmavyuha_2022.mkv,Padmavyuha_2022
772,772,Pankh.2010.mkv,D:\Simply_Movies\Bolly\Simply_Up_2_Date\\Alphabet P\Pankh.2010.mkv,Pankh.2010
777,777,Parineeta.2005.mp4,D:\Simply_Movies\Bolly\Simply_Up_2_Date\\Alphabet P\Parineeta.2005.mp4,Parineeta.2005
781,781,Pathar Ke Insan_Jackie.mp4,D:\Simply_Movies\Bolly\Simply_Up_2_Date\\Alphabet P\Pathar Ke Insan_Jackie.mp4,Pathar Ke Insan_Jackie
782,782,Pati_Patni_Aur.mkv,D:\Simply_Movies\Bolly\Simply_Up_2_Date\\Alphabet P\Pati_Patni_Aur.mkv,Pati_Patni_Aur
785,785,Penalty _2019.mkv,D:\Simply_Movies\Bolly\Simply_Up_2_Date\\Alphabet P\Penalty _2019.mkv,Penalty _2019
787,787,Phamous.2018.mkv,D:\Simply_Movies\Bolly\Simply_Up_2_Date\\Alphabet P\Phamous.2018.mkv,Phamous.2018
788,788,Phata_Poster_Nikhla_Hero.flv,D:\Simply_Movies\Bolly\Simply_Up_2_Date\\Alphabet P\Phata_Poster_Nikhla_Hero.flv,Phata_Poster_Nikhla_Hero
790,790,Phobia (2016).mkv,D:\Simply_Movies\Bolly\Simply_Up_2_Date\\Alphabet P\Phobia (2016).mkv,Phobia (2016)
793,793,Pizza_2014.mkv,D:\Simply_Movies\Bolly\Simply_Up_2_Date\\Alphabet P\Pizza_2014.mkv,Pizza_2014
794,794,PK.2014.mkv,D:\Simply_Movies\Bolly\Simply_Up_2_Date\\Alphabet P\PK.2014.mkv,PK.2014
796,796,POKIRI_2006.mp4,D:\Simply_Movies\Bolly\Simply_Up_2_Date\\Alphabet P\POKIRI_2006.mp4,POKIRI_2006
797,797,Political Khiladi.mkv,D:\Simply_Movies\Bolly\Simply_Up_2_Date\\Alphabet P\Political Khiladi.mkv,Political Khiladi
798,798,Prahaar 1991 WebDL.mkv,D:\Simply_Movies\Bolly\Simply_Up_2_Date\\Alphabet P\Prahaar 1991 WebDL.mkv,Prahaar 1991 WebDL
799,799,Pranaam2019.mkv,D:\Simply_Movies\Bolly\Simply_Up_2_Date\\Alphabet P\Pranaam2019.mkv,Pranaam2019
802,802,Professor Pyarelal.1981.mkv,D:\Simply_Movies\Bolly\Simply_Up_2_Date\\Alphabet P\Professor Pyarelal.1981.mkv,Professor Pyarelal.1981
806,806,Pyaar Ka Punchnama_2011.mp4,D:\Simply_Movies\Bolly\Simply_Up_2_Date\\Alphabet P\Pyaar Ka Punchnama_2011.mp4,Pyaar Ka Punchnama_2011
808,808,Pyaar_Impossible.mkv,D:\Simply_Movies\Bolly\Simply_Up_2_Date\\Alphabet P\Pyaar_Impossible.mkv,Pyaar_Impossible
809,809,Pyaar_Ke_Side_Effects_2006.mkv,D:\Simply_Movies\Bolly\Simply_Up_2_Date\\Alphabet P\Pyaar_Ke_Side_Effects_2006.mkv,Pyaar_Ke_Side_Effects_2006
810,810,Pyaasa_1957.mkv,D:\Simply_Movies\Bolly\Simply_Up_2_Date\\Alphabet P\Pyaasa_1957.mkv,Pyaasa_1957
811,811,Anamika (2022) S01Ep1To4.mkv,D:\Simply_Movies\Bolly\Simply_Up_2_Date\\Archive\Anamika (2022) S01Ep1To4.mkv,Anamika (2022) S01Ep1To4
812,812,Anamika (2022) S01Ep5To8.mkv,D:\Simply_Movies\Bolly\Simply_Up_2_Date\\Archive\Anamika (2022) S01Ep5To8.mkv,Anamika (2022) S01Ep5To8
813,813,Guillermo_del_Toro_s_Cabinet_of_Curiosities_2022_S01E01_04_720p.mkv,D:\Simply_Movies\Bolly\Simply_Up_2_Date\\Archive\Guillermo_del_Toro_s_Cabinet_of_Curiosities_2022_S01E01_04_720p.mkv,Guillermo_del_Toro_s_Cabinet_of_Curiosities_2022_S01E01_04_720p
814,814,Paatal_Lok_2020_S01_E01_E05.mkv,D:\Simply_Movies\Bolly\Simply_Up_2_Date\\Archive\Paatal_Lok_2020_S01_E01_E05.mkv,Paatal_Lok_2020_S01_E01_E05
815,815,Paatal_Lok_2020_S01_E06_E09.mkv,D:\Simply_Movies\Bolly\Simply_Up_2_Date\\Archive\Paatal_Lok_2020_S01_E06_E09.mkv,Paatal_Lok_2020_S01_E06_E09
816,816,Panchayat (2020) S01.mkv,D:\Simply_Movies\Bolly\Simply_Up_2_Date\\Archive\Panchayat (2020) S01.mkv,Panchayat (2020) S01
817,817,Raah Mein Unse Mulaqat Ho Gayi.mp4,D:\Simply_Movies\Bolly\Simply_Up_2_Date\\Archive\Raah Mein Unse Mulaqat Ho Gayi.mp4,Raah Mein Unse Mulaqat Ho Gayi
818,818,Rana Naidu (2023) Season 1.mkv,D:\Simply_Movies\Bolly\Simply_Up_2_Date\\Archive\Rana Naidu (2023) Season 1.mkv,Rana Naidu (2023) Season 1
819,819,Rise of Empires _Ottoman Season-1 720p Hindi 2020.mkv,D:\Simply_Movies\Bolly\Simply_Up_2_Date\\Archive\Rise of Empires _Ottoman Season-1 720p Hindi 2020.mkv,Rise of Empires _Ottoman Season-1 720p Hindi 2020
820,820,Rise of Empires_ Ottoman Season-2 720p Hindi 2022.mkv,D:\Simply_Movies\Bolly\Simply_Up_2_Date\\Archive\Rise of Empires_ Ottoman Season-2 720p Hindi 2022.mkv,Rise of Empires_ Ottoman Season-2 720p Hindi 2022
821,821,Roar of the Lion Season1 [2019].mkv,D:\Simply_Movies\Bolly\Simply_Up_2_Date\\Archive\Roar of the Lion Season1 [2019].mkv,Roar of the Lion Season1 [2019]
822,822,Special_Ops_1.5_Complete_720p_Hindi.mkv,D:\Simply_Movies\Bolly\Simply_Up_2_Date\\Archive\Special_Ops_1.5_Complete_720p_Hindi.mkv,Special_Ops_1.5_Complete_720p_Hindi
823,823,Super_Yoga_S01E01.mkv,D:\Simply_Movies\Bolly\Simply_Up_2_Date\\Archive\Super_Yoga_S01E01.mkv,Super_Yoga_S01E01
824,824,Money Mafia S01 E01 720p Hindi English [@SDD_Movies].mkv,D:\Simply_Movies\Bolly\Simply_Up_2_Date\\Archive\MoneyMafia\Money Mafia S01 E01 720p Hindi English [@SDD_Movies].mkv,Money Mafia S01 E01 720p Hindi English [@SDD_Movies]
825,825,Money Mafia S01 E02 720p Hindi English [@SDD_Movies].mkv,D:\Simply_Movies\Bolly\Simply_Up_2_Date\\Archive\MoneyMafia\Money Mafia S01 E02 720p Hindi English [@SDD_Movies].mkv,Money Mafia S01 E02 720p Hindi English [@SDD_Movies]
826,826,Money Mafia S01 E03 720p Hindi English [@SDD_Movies].mkv,D:\Simply_Movies\Bolly\Simply_Up_2_Date\\Archive\MoneyMafia\Money Mafia S01 E03 720p Hindi English [@SDD_Movies].mkv,Money Mafia S01 E03 720p Hindi English [@SDD_Movies]
827,827,Money Mafia S01 E04 720p Hindi English [@SDD_Movies].mkv,D:\Simply_Movies\Bolly\Simply_Up_2_Date\\Archive\MoneyMafia\Money Mafia S01 E04 720p Hindi English [@SDD_Movies].mkv,Money Mafia S01 E04 720p Hindi English [@SDD_Movies]
828,828,2.0 (2018).mkv,D:\Simply_Movies\Bolly\Simply_Up_2_Date\\Feb2024\2.0 (2018).mkv,2.0 (2018)
829,829,A Gentleman.2017.mkv,D:\Simply_Movies\Bolly\Simply_Up_2_Date\\Feb2024\A Gentleman.2017.mkv,A Gentleman.2017
832,832,An.Interview.with.God.2018..mkv,D:\Simply_Movies\Bolly\Simply_Up_2_Date\\Feb2024\An.Interview.with.God.2018..mkv,An.Interview.with.God.2018.
833,833,Arctic.2018.mkv,D:\Simply_Movies\Bolly\Simply_Up_2_Date\\Feb2024\Arctic.2018.mkv,Arctic.2018
834,834,Backstabbing.for.Beginners.2018.mkv,D:\Simply_Movies\Bolly\Simply_Up_2_Date\\Feb2024\Backstabbing.for.Beginners.2018.mkv,Backstabbing.for.Beginners.2018
835,835,Behind_The_Scenes_Sabrisse_and_Freya.mp4,D:\Simply_Movies\Bolly\Simply_Up_2_Date\\Feb2024\Behind_The_Scenes_Sabrisse_and_Freya.mp4,Behind_The_Scenes_Sabrisse_and_Freya
836,836,Blindspotting.2018.mkv,D:\Simply_Movies\Bolly\Simply_Up_2_Date\\Feb2024\Blindspotting.2018.mkv,Blindspotting.2018
837,837,Brothers.2009.mp4,D:\Simply_Movies\Bolly\Simply_Up_2_Date\\Feb2024\Brothers.2009.mp4,Brothers.2009
839,839,Crazy.Rich.Asians.2018.mkv,D:\Simply_Movies\Bolly\Simply_Up_2_Date\\Feb2024\Crazy.Rich.Asians.2018.mkv,Crazy.Rich.Asians.2018
841,841,Double.Date.2017.mkv,D:\Simply_Movies\Bolly\Simply_Up_2_Date\\Feb2024\Double.Date.2017.mkv,Double.Date.2017
842,842,Double.Impact.1991.mkv,D:\Simply_Movies\Bolly\Simply_Up_2_Date\\Feb2024\Double.Impact.1991.mkv,Double.Impact.1991
843,843,FIR_tamil movie.mp4,D:\Simply_Movies\Bolly\Simply_Up_2_Date\\Feb2024\FIR_tamil movie.mp4,FIR_tamil movie
844,844,Hansel.&.Gretel.Witch.Hunters.2013.mp4,D:\Simply_Movies\Bolly\Simply_Up_2_Date\\Feb2024\Hansel.&.Gretel.Witch.Hunters.2013.mp4,Hansel.&.Gretel.Witch.Hunters.2013
845,845,Inside.Job.2010.mp4,D:\Simply_Movies\Bolly\Simply_Up_2_Date\\Feb2024\Inside.Job.2010.mp4,Inside.Job.2010
848,848,Johnny.English.Strikes.Again.2018.mkv,D:\Simply_Movies\Bolly\Simply_Up_2_Date\\Feb2024\Johnny.English.Strikes.Again.2018.mkv,Johnny.English.Strikes.Again.2018
849,849,Jonathan.2018.mkv,D:\Simply_Movies\Bolly\Simply_Up_2_Date\\Feb2024\Jonathan.2018.mkv,Jonathan.2018
850,850,Josh.2000.mkv,D:\Simply_Movies\Bolly\Simply_Up_2_Date\\Feb2024\Josh.2000.mkv,Josh.2000
855,855,Mere.Yaar.Ki.Shaadi.2002.mkv,D:\Simply_Movies\Bolly\Simply_Up_2_Date\\Feb2024\Mere.Yaar.Ki.Shaadi.2002.mkv,Mere.Yaar.Ki.Shaadi.2002
857,857,Mr. Romeo.mp4,D:\Simply_Movies\Bolly\Simply_Up_2_Date\\Feb2024\Mr. Romeo.mp4,Mr. Romeo
858,858,Murder.On.The.Orient.Express.2017.mkv,D:\Simply_Movies\Bolly\Simply_Up_2_Date\\Feb2024\Murder.On.The.Orient.Express.2017.mkv,Murder.On.The.Orient.Express.2017
859,859,MUSHKIL Fear Behind You 2019.mkv,D:\Simply_Movies\Bolly\Simply_Up_2_Date\\Feb2024\MUSHKIL Fear Behind You 2019.mkv,MUSHKIL Fear Behind You 2019
861,861,My_Next_Guest_With_David_Letterman.mkv,D:\Simply_Movies\Bolly\Simply_Up_2_Date\\Feb2024\My_Next_Guest_With_David_Letterman.mkv,My_Next_Guest_With_David_Letterman
862,862,No_Strings_Attached_2011.mp4,D:\Simply_Movies\Bolly\Simply_Up_2_Date\\Feb2024\No_Strings_Attached_2011.mp4,No_Strings_Attached_2011
863,863,Panchayat_2022_Season_2.mkv,D:\Simply_Movies\Bolly\Simply_Up_2_Date\\Feb2024\Panchayat_2022_Season_2.mkv,Panchayat_2022_Season_2
864,864,Papillon.2018.mkv,D:\Simply_Movies\Bolly\Simply_Up_2_Date\\Feb2024\Papillon.2018.mkv,Papillon.2018
869,869,Red_The_Dark_Side.mkv,D:\Simply_Movies\Bolly\Simply_Up_2_Date\\Feb2024\Red_The_Dark_Side.mkv,Red_The_Dark_Side
871,871,Silver_Linings_Playbook_2012.mkv,D:\Simply_Movies\Bolly\Simply_Up_2_Date\\Feb2024\Silver_Linings_Playbook_2012.mkv,Silver_Linings_Playbook_2012
872,872,The Devil_s Double (2011).mkv,D:\Simply_Movies\Bolly\Simply_Up_2_Date\\Feb2024\The Devil_s Double (2011).mkv,The Devil_s Double (2011)
873,873,The.Fate.Of.The.Furious.2017.mkv,D:\Simply_Movies\Bolly\Simply_Up_2_Date\\Feb2024\The.Fate.Of.The.Furious.2017.mkv,The.Fate.Of.The.Furious.2017
874,874,The.Hidden.Soldier.2018.mkv,D:\Simply_Movies\Bolly\Simply_Up_2_Date\\Feb2024\The.Hidden.Soldier.2018.mkv,The.Hidden.Soldier.2018
875,875,Total.Dhamaal.2019.mkv,D:\Simply_Movies\Bolly\Simply_Up_2_Date\\Feb2024\Total.Dhamaal.2019.mkv,Total.Dhamaal.2019
876,876,Welcome.Home.2018.mkv,D:\Simply_Movies\Bolly\Simply_Up_2_Date\\Feb2024\Welcome.Home.2018.mkv,Welcome.Home.2018
877,877,Action Hero Biju (2016).mkv,D:\Simply_Movies\Bolly\Simply_Up_2_Date\\Mallu\Action Hero Biju (2016).mkv,Action Hero Biju (2016)
878,878,Anarkali (2015).mkv,D:\Simply_Movies\Bolly\Simply_Up_2_Date\\Mallu\Anarkali (2015).mkv,Anarkali (2015)
879,879,Bhaskar The Rascal (2015).mkv,D:\Simply_Movies\Bolly\Simply_Up_2_Date\\Mallu\Bhaskar The Rascal (2015).mkv,Bhaskar The Rascal (2015)
880,880,Darvinte Parinamam [2016].mkv,D:\Simply_Movies\Bolly\Simply_Up_2_Date\\Mallu\Darvinte Parinamam [2016].mkv,Darvinte Parinamam [2016]
881,881,Double Barrel [2015].mkv,D:\Simply_Movies\Bolly\Simply_Up_2_Date\\Mallu\Double Barrel [2015].mkv,Double Barrel [2015]
882,882,Hello Namasthe (2016).mkv,D:\Simply_Movies\Bolly\Simply_Up_2_Date\\Mallu\Hello Namasthe (2016).mkv,Hello Namasthe (2016)
883,883,Iyobinte Pusthakam(2014).mkv,D:\Simply_Movies\Bolly\Simply_Up_2_Date\\Mallu\Iyobinte Pusthakam(2014).mkv,Iyobinte Pusthakam(2014)
884,884,Jo and the Boy  2015.mkv,D:\Simply_Movies\Bolly\Simply_Up_2_Date\\Mallu\Jo and the Boy  2015.mkv,Jo and the Boy  2015
885,885,Kohinoor (2015).mkv,D:\Simply_Movies\Bolly\Simply_Up_2_Date\\Mallu\Kohinoor (2015).mkv,Kohinoor (2015)
886,886,Leela (2016).mkv,D:\Simply_Movies\Bolly\Simply_Up_2_Date\\Mallu\Leela (2016).mkv,Leela (2016)
887,887,Maheshinte Prathikaaram.mkv,D:\Simply_Movies\Bolly\Simply_Up_2_Date\\Mallu\Maheshinte Prathikaaram.mkv,Maheshinte Prathikaaram
888,888,Monsoon Mangoes [2016] Malay.mkv,D:\Simply_Movies\Bolly\Simply_Up_2_Date\\Mallu\Monsoon Mangoes [2016] Malay.mkv,Monsoon Mangoes [2016] Malay
889,889,Nagaravaridhi Naduvil Njan 2014.mkv,D:\Simply_Movies\Bolly\Simply_Up_2_Date\\Mallu\Nagaravaridhi Naduvil Njan 2014.mkv,Nagaravaridhi Naduvil Njan 2014
890,890,Njaan (2014).mkv,D:\Simply_Movies\Bolly\Simply_Up_2_Date\\Mallu\Njaan (2014).mkv,Njaan (2014)
891,891,Ohm Shanthi Oshaana (2014).mp4,D:\Simply_Movies\Bolly\Simply_Up_2_Date\\Mallu\Ohm Shanthi Oshaana (2014).mp4,Ohm Shanthi Oshaana (2014)
892,892,Oozham [2016] Malayalam.mkv,D:\Simply_Movies\Bolly\Simply_Up_2_Date\\Mallu\Oozham [2016] Malayalam.mkv,Oozham [2016] Malayalam
893,893,Oru Second Class Yathra (2015).mkv,D:\Simply_Movies\Bolly\Simply_Up_2_Date\\Mallu\Oru Second Class Yathra (2015).mkv,Oru Second Class Yathra (2015)
894,894,Picket 43 (2014).mkv,D:\Simply_Movies\Bolly\Simply_Up_2_Date\\Mallu\Picket 43 (2014).mkv,Picket 43 (2014)
895,895,Vellimoonga [2014].mkv,D:\Simply_Movies\Bolly\Simply_Up_2_Date\\Mallu\Vellimoonga [2014].mkv,Vellimoonga [2014]
896,896,Vettah.mkv,D:\Simply_Movies\Bolly\Simply_Up_2_Date\\Mallu\Vettah.mkv,Vettah
897,897,1920_Horrors_of_the_Heart_2023.mkv,D:\Simply_Movies\Bolly\Simply_Up_2_Date\\MoveIt_Dec2023\1920_Horrors_of_the_Heart_2023.mkv,1920_Horrors_of_the_Heart_2023
899,899,Alibaba_Aur_40_Chor_1980.mkv,D:\Simply_Movies\Bolly\Simply_Up_2_Date\\MoveIt_Dec2023\Alibaba_Aur_40_Chor_1980.mkv,Alibaba_Aur_40_Chor_1980
900,900,Beauteous Bushra (2023).mkv,D:\Simply_Movies\Bolly\Simply_Up_2_Date\\MoveIt_Dec2023\Beauteous Bushra (2023).mkv,Beauteous Bushra (2023)
903,903,Chak_De_India_2007.mkv,D:\Simply_Movies\Bolly\Simply_Up_2_Date\\MoveIt_Dec2023\Chak_De_India_2007.mkv,Chak_De_India_2007
905,905,Deep.Water.2022.mkv,D:\Simply_Movies\Bolly\Simply_Up_2_Date\\MoveIt_Dec2023\Deep.Water.2022.mkv,Deep.Water.2022
907,907,Finding.Neverland.2004.mkv,D:\Simply_Movies\Bolly\Simply_Up_2_Date\\MoveIt_Dec2023\Finding.Neverland.2004.mkv,Finding.Neverland.2004
910,910,Gran_Turismo_2023.mkv,D:\Simply_Movies\Bolly\Simply_Up_2_Date\\MoveIt_Dec2023\Gran_Turismo_2023.mkv,Gran_Turismo_2023
911,911,Haddi.2023.mkv,D:\Simply_Movies\Bolly\Simply_Up_2_Date\\MoveIt_Dec2023\Haddi.2023.mkv,Haddi.2023
912,912,Hands.of.Stone.2016.mkv,D:\Simply_Movies\Bolly\Simply_Up_2_Date\\MoveIt_Dec2023\Hands.of.Stone.2016.mkv,Hands.of.Stone.2016
913,913,Heart_of_Stone_2023.mkv,D:\Simply_Movies\Bolly\Simply_Up_2_Date\\MoveIt_Dec2023\Heart_of_Stone_2023.mkv,Heart_of_Stone_2023
914,914,Hum.Dil.De.Chuke.Sanam.1999.mkv,D:\Simply_Movies\Bolly\Simply_Up_2_Date\\MoveIt_Dec2023\Hum.Dil.De.Chuke.Sanam.1999.mkv,Hum.Dil.De.Chuke.Sanam.1999
918,918,Jaane.Jaan.2023.mkv,D:\Simply_Movies\Bolly\Simply_Up_2_Date\\MoveIt_Dec2023\Jaane.Jaan.2023.mkv,Jaane.Jaan.2023
919,919,Jailer.2023.mkv,D:\Simply_Movies\Bolly\Simply_Up_2_Date\\MoveIt_Dec2023\Jailer.2023.mkv,Jailer.2023
920,920,Jawan_2023.mkv,D:\Simply_Movies\Bolly\Simply_Up_2_Date\\MoveIt_Dec2023\Jawan_2023.mkv,Jawan_2023
924,924,Krishna_Cottage_2004.mkv,D:\Simply_Movies\Bolly\Simply_Up_2_Date\\MoveIt_Dec2023\Krishna_Cottage_2004.mkv,Krishna_Cottage_2004
926,926,Love_All_2023.mkv,D:\Simply_Movies\Bolly\Simply_Up_2_Date\\MoveIt_Dec2023\Love_All_2023.mkv,Love_All_2023
927,927,M.U.A. 2022.mkv,D:\Simply_Movies\Bolly\Simply_Up_2_Date\\MoveIt_Dec2023\M.U.A. 2022.mkv,M.U.A. 2022
929,929,Majnu_Chacha_2023.mkv,D:\Simply_Movies\Bolly\Simply_Up_2_Date\\MoveIt_Dec2023\Majnu_Chacha_2023.mkv,Majnu_Chacha_2023
930,930,Meg_2_2023.Mkv,D:\Simply_Movies\Bolly\Simply_Up_2_Date\\MoveIt_Dec2023\Meg_2_2023.Mkv,Meg_2_2023
931,931,Miral.2022.mkv,D:\Simply_Movies\Bolly\Simply_Up_2_Date\\MoveIt_Dec2023\Miral.2022.mkv,Miral.2022
932,932,Mission_Impossible_Dead_Reckoning_Part_One_2023.mkv,D:\Simply_Movies\Bolly\Simply_Up_2_Date\\MoveIt_Dec2023\Mission_Impossible_Dead_Reckoning_Part_One_2023.mkv,Mission_Impossible_Dead_Reckoning_Part_One_2023
934,934,Poikkal_Kuthirai_2022.mkv,D:\Simply_Movies\Bolly\Simply_Up_2_Date\\MoveIt_Dec2023\Poikkal_Kuthirai_2022.mkv,Poikkal_Kuthirai_2022
936,936,Pushpa__The_Rise_Part_01_2021.mkv,D:\Simply_Movies\Bolly\Simply_Up_2_Date\\MoveIt_Dec2023\Pushpa__The_Rise_Part_01_2021.mkv,Pushpa__The_Rise_Part_01_2021
939,939,Rocky_Aur_Rani_Kii_Prem_Kahaani_2023.mkv,D:\Simply_Movies\Bolly\Simply_Up_2_Date\\MoveIt_Dec2023\Rocky_Aur_Rani_Kii_Prem_Kahaani_2023.mkv,Rocky_Aur_Rani_Kii_Prem_Kahaani_2023
940,940,Rog_2005.mkv,D:\Simply_Movies\Bolly\Simply_Up_2_Date\\MoveIt_Dec2023\Rog_2005.mkv,Rog_2005
941,941,Schindler's.List.1993.mkv,D:\Simply_Movies\Bolly\Simply_Up_2_Date\\MoveIt_Dec2023\Schindler's.List.1993.mkv,Schindler's.List.1993
942,942,Split.2016.mkv,D:\Simply_Movies\Bolly\Simply_Up_2_Date\\MoveIt_Dec2023\Split.2016.mkv,Split.2016
944,944,The Frozen Ground (2013).mkv,D:\Simply_Movies\Bolly\Simply_Up_2_Date\\MoveIt_Dec2023\The Frozen Ground (2013).mkv,The Frozen Ground (2013)
946,946,The.Client.2011.mkv,D:\Simply_Movies\Bolly\Simply_Up_2_Date\\MoveIt_Dec2023\The.Client.2011.mkv,The.Client.2011
947,947,The.Equalizer.3.2023.mkv,D:\Simply_Movies\Bolly\Simply_Up_2_Date\\MoveIt_Dec2023\The.Equalizer.3.2023.mkv,The.Equalizer.3.2023
948,948,The.Fabelmans.2022.mkv,D:\Simply_Movies\Bolly\Simply_Up_2_Date\\MoveIt_Dec2023\The.Fabelmans.2022.mkv,The.Fabelmans.2022
949,949,The.Rum.Diary.2011.mkv,D:\Simply_Movies\Bolly\Simply_Up_2_Date\\MoveIt_Dec2023\The.Rum.Diary.2011.mkv,The.Rum.Diary.2011
950,950,The_Mummy_4_2017.mkv,D:\Simply_Movies\Bolly\Simply_Up_2_Date\\MoveIt_Dec2023\The_Mummy_4_2017.mkv,The_Mummy_4_2017
951,951,The_Only_Way_Out_2021.mkv,D:\Simply_Movies\Bolly\Simply_Up_2_Date\\MoveIt_Dec2023\The_Only_Way_Out_2021.mkv,The_Only_Way_Out_2021
952,952,This.Means.War.2012.mkv,D:\Simply_Movies\Bolly\Simply_Up_2_Date\\MoveIt_Dec2023\This.Means.War.2012.mkv,This.Means.War.2012
953,953,Triangle.2009.mkv,D:\Simply_Movies\Bolly\Simply_Up_2_Date\\MoveIt_Dec2023\Triangle.2009.mkv,Triangle.2009
956,956,Virgin Suhagraat (2023).mkv,D:\Simply_Movies\Bolly\Simply_Up_2_Date\\MoveIt_Dec2023\Virgin Suhagraat (2023).mkv,Virgin Suhagraat (2023)
958,958,We Have A Ghost (2023).mkv,D:\Simply_Movies\Bolly\Simply_Up_2_Date\\MoveIt_Dec2023\We Have A Ghost (2023).mkv,We Have A Ghost (2023)
960,960,1920_Evil_Returns.mkv,D:\Simply_Movies\Bolly\Simply_Up_2_Date\\No Alpha\1920_Evil_Returns.mkv,1920_Evil_Returns
961,961,1921.2018.mkv,D:\Simply_Movies\Bolly\Simply_Up_2_Date\\No Alpha\1921.2018.mkv,1921.2018
963,963,2.States.2014.mkv,D:\Simply_Movies\Bolly\Simply_Up_2_Date\\No Alpha\2.States.2014.mkv,2.States.2014
973,973,Pyar Mohabbat.mp4,D:\Simply_Movies\Bolly\Simply_Up_2_Date\\No Alpha\Pyar Mohabbat.mp4,Pyar Mohabbat
975,975,8_A_M_Metro_2023.mkv,D:\Simply_Movies\Bolly\Simply_Up_2_Date\\OrganizedAdditionAfterFeb2024\1_F\8_A_M_Metro_2023.mkv,8_A_M_Metro_2023
976,976,Action.Jackson.1988.mp4,D:\Simply_Movies\Bolly\Simply_Up_2_Date\\OrganizedAdditionAfterFeb2024\1_F\Action.Jackson.1988.mp4,Action.Jackson.1988
981,981,Bloody.Daddy.2023.mkv,D:\Simply_Movies\Bolly\Simply_Up_2_Date\\OrganizedAdditionAfterFeb2024\1_F\Bloody.Daddy.2023.mkv,Bloody.Daddy.2023
982,982,Boo_2023.mkv,D:\Simply_Movies\Bolly\Simply_Up_2_Date\\OrganizedAdditionAfterFeb2024\1_F\Boo_2023.mkv,Boo_2023
985,985,Daag_The_Fire.mp4,D:\Simply_Movies\Bolly\Simply_Up_2_Date\\OrganizedAdditionAfterFeb2024\1_F\Daag_The_Fire.mp4,Daag_The_Fire
986,986,Darlings.2022.mkv,D:\Simply_Movies\Bolly\Simply_Up_2_Date\\OrganizedAdditionAfterFeb2024\1_F\Darlings.2022.mkv,Darlings.2022
991,991,Indubala_Bhaater_Hotel.2023_S01.mkv,D:\Simply_Movies\Bolly\Simply_Up_2_Date\\OrganizedAdditionAfterFeb2024\2_F\Indubala_Bhaater_Hotel.2023_S01.mkv,Indubala_Bhaater_Hotel.2023_S01
999,999,Love In Bombay_1974.mp4,D:\Simply_Movies\Bolly\Simply_Up_2_Date\\OrganizedAdditionAfterFeb2024\2_F\Love In Bombay_1974.mp4,Love In Bombay_1974
1003,1003,Pehla_Pehla_Pyar_1994.mp4,D:\Simply_Movies\Bolly\Simply_Up_2_Date\\OrganizedAdditionAfterFeb2024\2_F\Pehla_Pehla_Pyar_1994.mp4,Pehla_Pehla_Pyar_1994
1005,1005,Ponniyin_Selvan_Part_2_2023.mkv,D:\Simply_Movies\Bolly\Simply_Up_2_Date\\OrganizedAdditionAfterFeb2024\2_F\Ponniyin_Selvan_Part_2_2023.mkv,Ponniyin_Selvan_Part_2_2023
1007,1007,Raaste_Kaa_Patthar.mp4,D:\Simply_Movies\Bolly\Simply_Up_2_Date\\OrganizedAdditionAfterFeb2024\2_F\Raaste_Kaa_Patthar.mp4,Raaste_Kaa_Patthar
1008,1008,Real_Steel.2011.mkv,D:\Simply_Movies\Bolly\Simply_Up_2_Date\\OrganizedAdditionAfterFeb2024\2_F\Real_Steel.2011.mkv,Real_Steel.2011
1012,1012,Southie.Goodachari_2018.mkv,D:\Simply_Movies\Bolly\Simply_Up_2_Date\\OrganizedAdditionAfterFeb2024\2_F\Southie.Goodachari_2018.mkv,Southie.Goodachari_2018
1013,1013,Southie.King_of_Kotha_2023.mkv,D:\Simply_Movies\Bolly\Simply_Up_2_Date\\OrganizedAdditionAfterFeb2024\2_F\Southie.King_of_Kotha_2023.mkv,Southie.King_of_Kotha_2023
1014,1014,Southie.Maaveeran_2023.mkv,D:\Simply_Movies\Bolly\Simply_Up_2_Date\\OrganizedAdditionAfterFeb2024\2_F\Southie.Maaveeran_2023.mkv,Southie.Maaveeran_2023
1015,1015,Southie.Major_2022.mkv,D:\Simply_Movies\Bolly\Simply_Up_2_Date\\OrganizedAdditionAfterFeb2024\2_F\Southie.Major_2022.mkv,Southie.Major_2022
1016,1016,Southie.Sardar_2022.mkv,D:\Simply_Movies\Bolly\Simply_Up_2_Date\\OrganizedAdditionAfterFeb2024\2_F\Southie.Sardar_2022.mkv,Southie.Sardar_2022
1017,1017,Southie.VIRATA_PARVAM_2023.MKV,D:\Simply_Movies\Bolly\Simply_Up_2_Date\\OrganizedAdditionAfterFeb2024\2_F\Southie.VIRATA_PARVAM_2023.MKV,Southie.VIRATA_PARVAM_2023
1026,1026,Bemisal.mp4,D:\Simply_Movies\Bolly\Simply_Up_2_Date\\OrganizedAdditionAfterFeb2024\3_F\Bemisal.mp4,Bemisal
1027,1027,Boxer.mp4,D:\Simply_Movies\Bolly\Simply_Up_2_Date\\OrganizedAdditionAfterFeb2024\3_F\Boxer.mp4,Boxer
1028,1028,Zahreelay.mp4,D:\Simply_Movies\Bolly\Simply_Up_2_Date\\OrganizedAdditionAfterFeb2024\3_F\Zahreelay.mp4,Zahreelay
1029,1029,100% Love (2012).avi,D:\Simply_Movies\Bolly\Simply_Up_2_Date\\Others\100% Love (2012).avi,100% Love (2012)
1030,1030,14 Phere (2021).mkv,D:\Simply_Movies\Bolly\Simply_Up_2_Date\\Others\14 Phere (2021).mkv,14 Phere (2021)
1031,1031,2 Countries (2016) .mkv,D:\Simply_Movies\Bolly\Simply_Up_2_Date\\Others\2 Countries (2016) .mkv,2 Countries (2016) 
1032,1032,7 Hours To Go (2016).mkv,D:\Simply_Movies\Bolly\Simply_Up_2_Date\\Others\7 Hours To Go (2016).mkv,7 Hours To Go (2016)
1033,1033,Anarkali (2015).mp4,D:\Simply_Movies\Bolly\Simply_Up_2_Date\\Others\Anarkali (2015).mp4,Anarkali (2015)
1034,1034,Arahan.(2004).mkv,D:\Simply_Movies\Bolly\Simply_Up_2_Date\\Others\Arahan.(2004).mkv,Arahan.(2004)
1035,1035,Bajrangi Sher 2 (2017).mp4,D:\Simply_Movies\Bolly\Simply_Up_2_Date\\Others\Bajrangi Sher 2 (2017).mp4,Bajrangi Sher 2 (2017)
1036,1036,Bapi Bari Jaa 2012 .mkv,D:\Simply_Movies\Bolly\Simply_Up_2_Date\\Others\Bapi Bari Jaa 2012 .mkv,Bapi Bari Jaa 2012 
1037,1037,Bengal Tiger (2015).mkv,D:\Simply_Movies\Bolly\Simply_Up_2_Date\\Others\Bengal Tiger (2015).mkv,Bengal Tiger (2015)
1038,1038,Bharat The Great Leader (2018).mkv,D:\Simply_Movies\Bolly\Simply_Up_2_Date\\Others\Bharat The Great Leader (2018).mkv,Bharat The Great Leader (2018)
1039,1039,Biriyani (2013).mkv,D:\Simply_Movies\Bolly\Simply_Up_2_Date\\Others\Biriyani (2013).mkv,Biriyani (2013)
1040,1040,Bogan (2017).mp4,D:\Simply_Movies\Bolly\Simply_Up_2_Date\\Others\Bogan (2017).mp4,Bogan (2017)
1041,1041,Cholo Paltai.VOB,D:\Simply_Movies\Bolly\Simply_Up_2_Date\\Others\Cholo Paltai.VOB,Cholo Paltai
1042,1042,Cinemawala (2016).mkv,D:\Simply_Movies\Bolly\Simply_Up_2_Date\\Others\Cinemawala (2016).mkv,Cinemawala (2016)
1043,1043,Cosmic Sex (2015).mkv,D:\Simply_Movies\Bolly\Simply_Up_2_Date\\Others\Cosmic Sex (2015).mkv,Cosmic Sex (2015)
1044,1044,Drishyam (2013).mkv,D:\Simply_Movies\Bolly\Simply_Up_2_Date\\Others\Drishyam (2013).mkv,Drishyam (2013)
1045,1045,Drishyam (2013).srt,D:\Simply_Movies\Bolly\Simply_Up_2_Date\\Others\Drishyam (2013).srt,Drishyam (2013)
1046,1046,Happy New Year 2 (2016).mp4,D:\Simply_Movies\Bolly\Simply_Up_2_Date\\Others\Happy New Year 2 (2016).mp4,Happy New Year 2 (2016)
1047,1047,IIFA_Awards_2016.mkv,D:\Simply_Movies\Bolly\Simply_Up_2_Date\\Others\IIFA_Awards_2016.mkv,IIFA_Awards_2016
1048,1048,Iru.Mugan.2016.mkv,D:\Simply_Movies\Bolly\Simply_Up_2_Date\\Others\Iru.Mugan.2016.mkv,Iru.Mugan.2016
1049,1049,Jatt And Juliet 2 2013.mp4,D:\Simply_Movies\Bolly\Simply_Up_2_Date\\Others\Jatt And Juliet 2 2013.mp4,Jatt And Juliet 2 2013
1050,1050,Kadamban (2017).mkv,D:\Simply_Movies\Bolly\Simply_Up_2_Date\\Others\Kadamban (2017).mkv,Kadamban (2017)
1051,1051,Kalpana Guest House (2015)327MB.flv,D:\Simply_Movies\Bolly\Simply_Up_2_Date\\Others\Kalpana Guest House (2015)327MB.flv,Kalpana Guest House (2015)327MB
1052,1052,Khoj (2017).mkv,D:\Simply_Movies\Bolly\Simply_Up_2_Date\\Others\Khoj (2017).mkv,Khoj (2017)
1053,1053,Ko 2 (2016).mkv,D:\Simply_Movies\Bolly\Simply_Up_2_Date\\Others\Ko 2 (2016).mkv,Ko 2 (2016)
1054,1054,Maari (2015).mkv,D:\Simply_Movies\Bolly\Simply_Up_2_Date\\Others\Maari (2015).mkv,Maari (2015)
1055,1055,MASS 2015.mkv,D:\Simply_Movies\Bolly\Simply_Up_2_Date\\Others\MASS 2015.mkv,MASS 2015
1056,1056,Maya_Telugu_2014.mkv,D:\Simply_Movies\Bolly\Simply_Up_2_Date\\Others\Maya_Telugu_2014.mkv,Maya_Telugu_2014
1057,1057,Mishawr Rawhoshyo [2013] ].mkv,D:\Simply_Movies\Bolly\Simply_Up_2_Date\\Others\Mishawr Rawhoshyo [2013] ].mkv,Mishawr Rawhoshyo [2013] ]
1058,1058,Pulimurugan (2016).mkv,D:\Simply_Movies\Bolly\Simply_Up_2_Date\\Others\Pulimurugan (2016).mkv,Pulimurugan (2016)
1059,1059,Punjab 1984.mp4,D:\Simply_Movies\Bolly\Simply_Up_2_Date\\Others\Punjab 1984.mp4,Punjab 1984
1060,1060,Rajkahini (2015).mkv,D:\Simply_Movies\Bolly\Simply_Up_2_Date\\Others\Rajkahini (2015).mkv,Rajkahini (2015)
1061,1061,Rajkahini (2015).srt,D:\Simply_Movies\Bolly\Simply_Up_2_Date\\Others\Rajkahini (2015).srt,Rajkahini (2015)
1062,1062,Rajmahal (Aranmanai) 2015.mp4,D:\Simply_Movies\Bolly\Simply_Up_2_Date\\Others\Rajmahal (Aranmanai) 2015.mp4,Rajmahal (Aranmanai) 2015
1063,1063,RudradeviTamil.mkv,D:\Simply_Movies\Bolly\Simply_Up_2_Date\\Others\RudradeviTamil.mkv,RudradeviTamil
1064,1064,Sairat {2016} Marathi.mkv,D:\Simply_Movies\Bolly\Simply_Up_2_Date\\Others\Sairat {2016} Marathi.mkv,Sairat {2016} Marathi
1065,1065,Sardaar Ji (2015)b.mkv,D:\Simply_Movies\Bolly\Simply_Up_2_Date\\Others\Sardaar Ji (2015)b.mkv,Sardaar Ji (2015)b
1066,1066,Sarrainodu (2017).mp4,D:\Simply_Movies\Bolly\Simply_Up_2_Date\\Others\Sarrainodu (2017).mp4,Sarrainodu (2017)
1067,1067,Shaheb Bibi Golaam (2016).mp4,D:\Simply_Movies\Bolly\Simply_Up_2_Date\\Others\Shaheb Bibi Golaam (2016).mp4,Shaheb Bibi Golaam (2016)
1069,1069,Stylish Star (2017).mp4,D:\Simply_Movies\Bolly\Simply_Up_2_Date\\Others\Stylish Star (2017).mp4,Stylish Star (2017)
1070,1070,Sura (2017).mkv,D:\Simply_Movies\Bolly\Simply_Up_2_Date\\Others\Sura (2017).mkv,Sura (2017)
1071,1071,Thakka Thakka (2015).mkv,D:\Simply_Movies\Bolly\Simply_Up_2_Date\\Others\Thakka Thakka (2015).mkv,Thakka Thakka (2015)
1072,1072,Theri (2016).mkv,D:\Simply_Movies\Bolly\Simply_Up_2_Date\\Others\Theri (2016).mkv,Theri (2016)
1073,1073,Vikram Vedha (2017).mkv,D:\Simply_Movies\Bolly\Simply_Up_2_Date\\Others\Vikram Vedha (2017).mkv,Vikram Vedha (2017)
1074,1074,VIP 2 (Lalkar) (2017).mkv,D:\Simply_Movies\Bolly\Simply_Up_2_Date\\Others\VIP 2 (Lalkar) (2017).mkv,VIP 2 (Lalkar) (2017)
1075,1075,Zee Cine Awards 2018.mkv,D:\Simply_Movies\Bolly\Simply_Up_2_Date\\Others\Zee Cine Awards 2018.mkv,Zee Cine Awards 2018
1080,1080,R...Rajkumar.2013.mkv,D:\Simply_Movies\Bolly\Simply_Up_2_Date\\Q-Z\R...Rajkumar.2013.mkv,R...Rajkumar.2013
1081,1081,Raadhe_2021.mkv,D:\Simply_Movies\Bolly\Simply_Up_2_Date\\Q-Z\Raadhe_2021.mkv,Raadhe_2021
1083,1083,Raajneeti.2010.mp4,D:\Simply_Movies\Bolly\Simply_Up_2_Date\\Q-Z\Raajneeti.2010.mp4,Raajneeti.2010
1084,1084,Raakh.1989.avi,D:\Simply_Movies\Bolly\Simply_Up_2_Date\\Q-Z\Raakh.1989.avi,Raakh.1989
1090,1090,Raaz_2002.mkv,D:\Simply_Movies\Bolly\Simply_Up_2_Date\\Q-Z\Raaz_2002.mkv,Raaz_2002
1091,1091,Race.2.2013.mkv,D:\Simply_Movies\Bolly\Simply_Up_2_Date\\Q-Z\Race.2.2013.mkv,Race.2.2013
1092,1092,Race.2008.mkv,D:\Simply_Movies\Bolly\Simply_Up_2_Date\\Q-Z\Race.2008.mkv,Race.2008
1097,1097,Raja.Babu.1994.mkv,D:\Simply_Movies\Bolly\Simply_Up_2_Date\\Q-Z\Raja.Babu.1994.mkv,Raja.Babu.1994
1099,1099,Rajdhani.Express.mkv,D:\Simply_Movies\Bolly\Simply_Up_2_Date\\Q-Z\Rajdhani.Express.mkv,Rajdhani.Express
1100,1100,Rajma.Chawal.2018.mkv,D:\Simply_Movies\Bolly\Simply_Up_2_Date\\Q-Z\Rajma.Chawal.2018.mkv,Rajma.Chawal.2018
1101,1101,Raju.Ban.Gaya.Gentleman.1992.avi,D:\Simply_Movies\Bolly\Simply_Up_2_Date\\Q-Z\Raju.Ban.Gaya.Gentleman.1992.avi,Raju.Ban.Gaya.Gentleman.1992
1103,1103,Raksha_Bandhan_2022.mkv,D:\Simply_Movies\Bolly\Simply_Up_2_Date\\Q-Z\Raksha_Bandhan_2022.mkv,Raksha_Bandhan_2022
1108,1108,Ramayana.The.Epic.2010.mkv,D:\Simply_Movies\Bolly\Simply_Up_2_Date\\Q-Z\Ramayana.The.Epic.2010.mkv,Ramayana.The.Epic.2010
1110,1110,Ram_Avtar.mkv,D:\Simply_Movies\Bolly\Simply_Up_2_Date\\Q-Z\Ram_Avtar.mkv,Ram_Avtar
1115,1115,Rann_2010.mp4,D:\Simply_Movies\Bolly\Simply_Up_2_Date\\Q-Z\Rann_2010.mp4,Rann_2010
1116,1116,Ranveer_vs_Wild_with_Bear_Grylls_2022_720p.mkv,D:\Simply_Movies\Bolly\Simply_Up_2_Date\\Q-Z\Ranveer_vs_Wild_with_Bear_Grylls_2022_720p.mkv,Ranveer_vs_Wild_with_Bear_Grylls_2022_720p
1126,1126,Rishta_Kagaz_Ka.mkv,D:\Simply_Movies\Bolly\Simply_Up_2_Date\\Q-Z\Rishta_Kagaz_Ka.mkv,Rishta_Kagaz_Ka
1130,1130,Rockstar.2011.mp4,D:\Simply_Movies\Bolly\Simply_Up_2_Date\\Q-Z\Rockstar.2011.mp4,Rockstar.2011
1132,1132,Rocky Movie (1981) 720p .mkv,D:\Simply_Movies\Bolly\Simply_Up_2_Date\\Q-Z\Rocky Movie (1981) 720p .mkv,Rocky Movie (1981) 720p 
1133,1133,Rocky.Handsome.2016.mkv,D:\Simply_Movies\Bolly\Simply_Up_2_Date\\Q-Z\Rocky.Handsome.2016.mkv,Rocky.Handsome.2016
1135,1135,Rokkk_Tanushree.mp4,D:\Simply_Movies\Bolly\Simply_Up_2_Date\\Q-Z\Rokkk_Tanushree.mp4,Rokkk_Tanushree
1138,1138,Rukh.2017.mkv,D:\Simply_Movies\Bolly\Simply_Up_2_Date\\Q-Z\Rukh.2017.mkv,Rukh.2017
1142,1142,SAAHO.[2019].mkv,D:\Simply_Movies\Bolly\Simply_Up_2_Date\\Q-Z\SAAHO.[2019].mkv,SAAHO.[2019]
1153,1153,Sadak Chhap (HD) Jackie Shroff - Padmini Kolhapure.mp4,D:\Simply_Movies\Bolly\Simply_Up_2_Date\\Q-Z\Sadak Chhap (HD) Jackie Shroff - Padmini Kolhapure.mp4,Sadak Chhap (HD) Jackie Shroff - Padmini Kolhapure
1157,1157,Saheb_Biwi_Aur_Gangster_Returns.mkv,D:\Simply_Movies\Bolly\Simply_Up_2_Date\\Q-Z\Saheb_Biwi_Aur_Gangster_Returns.mkv,Saheb_Biwi_Aur_Gangster_Returns
1163,1163,Sanam.Teri.Kasam.(2015).mkv,D:\Simply_Movies\Bolly\Simply_Up_2_Date\\Q-Z\Sanam.Teri.Kasam.(2015).mkv,Sanam.Teri.Kasam.(2015)
1167,1167,Sanki.2018.mkv,D:\Simply_Movies\Bolly\Simply_Up_2_Date\\Q-Z\Sanki.2018.mkv,Sanki.2018
1171,1171,Sardar.Udham.2021.mkv,D:\Simply_Movies\Bolly\Simply_Up_2_Date\\Q-Z\Sardar.Udham.2021.mkv,Sardar.Udham.2021
1175,1175,Sarkar 3.2017.mkv,D:\Simply_Movies\Bolly\Simply_Up_2_Date\\Q-Z\Sarkar 3.2017.mkv,Sarkar 3.2017
1176,1176,Sarkaru_Vaari_Paata_2022_Telugu_720p_HQ_PreDVDRip_x264_AAC_1_6GB.mkv,D:\Simply_Movies\Bolly\Simply_Up_2_Date\\Q-Z\Sarkaru_Vaari_Paata_2022_Telugu_720p_HQ_PreDVDRip_x264_AAC_1_6GB.mkv,Sarkaru_Vaari_Paata_2022_Telugu_720p_HQ_PreDVDRip_x264_AAC_1_6GB
1177,1177,Satellite.Shankar.2019.mkv,D:\Simply_Movies\Bolly\Simply_Up_2_Date\\Q-Z\Satellite.Shankar.2019.mkv,Satellite.Shankar.2019
1178,1178,Sathya.2017.mkv,D:\Simply_Movies\Bolly\Simply_Up_2_Date\\Q-Z\Sathya.2017.mkv,Sathya.2017
1181,1181,Satya.1998.avi,D:\Simply_Movies\Bolly\Simply_Up_2_Date\\Q-Z\Satya.1998.avi,Satya.1998
1182,1182,Satyakam (1969)Dharmendra.mp4,D:\Simply_Movies\Bolly\Simply_Up_2_Date\\Q-Z\Satyakam (1969)Dharmendra.mp4,Satyakam (1969)Dharmendra
1183,1183,Satyam Shivam Sundaram - Zeenat Aman - Shashi Kapoor - Hindi Full Movie.mp4,D:\Simply_Movies\Bolly\Simply_Up_2_Date\\Q-Z\Satyam Shivam Sundaram - Zeenat Aman - Shashi Kapoor - Hindi Full Movie.mp4,Satyam Shivam Sundaram - Zeenat Aman - Shashi Kapoor - Hindi Full Movie
1187,1187,Savyasachi 2019.mkv,D:\Simply_Movies\Bolly\Simply_Up_2_Date\\Q-Z\Savyasachi 2019.mkv,Savyasachi 2019
1189,1189,Scam 1992_320(PaglaSongs).mp3,D:\Simply_Movies\Bolly\Simply_Up_2_Date\\Q-Z\Scam 1992_320(PaglaSongs).mp3,Scam 1992_320(PaglaSongs)
1190,1190,Section.375.HD.1080p.2019.mkv,D:\Simply_Movies\Bolly\Simply_Up_2_Date\\Q-Z\Section.375.HD.1080p.2019.mkv,Section.375.HD.1080p.2019
1194,1194,Seraphim.Falls.2006.mp4,D:\Simply_Movies\Bolly\Simply_Up_2_Date\\Q-Z\Seraphim.Falls.2006.mp4,Seraphim.Falls.2006
1197,1197,Shaadi.Mein.Zaroor.Aana.2017.mkv,D:\Simply_Movies\Bolly\Simply_Up_2_Date\\Q-Z\Shaadi.Mein.Zaroor.Aana.2017.mkv,Shaadi.Mein.Zaroor.Aana.2017
1198,1198,Shab.2017.mkv,D:\Simply_Movies\Bolly\Simply_Up_2_Date\\Q-Z\Shab.2017.mkv,Shab.2017
1202,1202,Shakti 1982 @s4umovies.mkv,D:\Simply_Movies\Bolly\Simply_Up_2_Date\\Q-Z\Shakti 1982 @s4umovies.mkv,Shakti 1982 @s4umovies
1203,1203,Shakti.1982.mkv,D:\Simply_Movies\Bolly\Simply_Up_2_Date\\Q-Z\Shakti.1982.mkv,Shakti.1982
1206,1206,Shaque_1976.mp4,D:\Simply_Movies\Bolly\Simply_Up_2_Date\\Q-Z\Shaque_1976.mp4,Shaque_1976
1208,1208,Sharafat Chhod Di Meine - Hindi Movie - Feroz Khan - Hema Malini - Neetu Singh.mp4,D:\Simply_Movies\Bolly\Simply_Up_2_Date\\Q-Z\Sharafat Chhod Di Meine - Hindi Movie - Feroz Khan - Hema Malini - Neetu Singh.mp4,Sharafat Chhod Di Meine - Hindi Movie - Feroz Khan - Hema Malini - Neetu Singh
1215,1215,Shola.Aur.Shabnam.1992.mkv,D:\Simply_Movies\Bolly\Simply_Up_2_Date\\Q-Z\Shola.Aur.Shabnam.1992.mkv,Shola.Aur.Shabnam.1992
1216,1216,Sholay 1975_3D.mp4,D:\Simply_Movies\Bolly\Simply_Up_2_Date\\Q-Z\Sholay 1975_3D.mp4,Sholay 1975_3D
1217,1217,Sholay.1975.mkv,D:\Simply_Movies\Bolly\Simply_Up_2_Date\\Q-Z\Sholay.1975.mkv,Sholay.1975
1220,1220,Shootout at Wadala 2013_720p.mkv,D:\Simply_Movies\Bolly\Simply_Up_2_Date\\Q-Z\Shootout at Wadala 2013_720p.mkv,Shootout at Wadala 2013_720p
1224,1224,Shukranu2020.mkv,D:\Simply_Movies\Bolly\Simply_Up_2_Date\\Q-Z\Shukranu2020.mkv,Shukranu2020
1229,1229,Sirf_Tum_1999.mkv,D:\Simply_Movies\Bolly\Simply_Up_2_Date\\Q-Z\Sirf_Tum_1999.mkv,Sirf_Tum_1999
1230,1230,Sixteen.2013.mkv,D:\Simply_Movies\Bolly\Simply_Up_2_Date\\Q-Z\Sixteen.2013.mkv,Sixteen.2013
1232,1232,Soch_Sanjay Kapoor.mp4,D:\Simply_Movies\Bolly\Simply_Up_2_Date\\Q-Z\Soch_Sanjay Kapoor.mp4,Soch_Sanjay Kapoor
1235,1235,Sonchiriya _2018.mkv,D:\Simply_Movies\Bolly\Simply_Up_2_Date\\Q-Z\Sonchiriya _2018.mkv,Sonchiriya _2018
1238,1238,Sonu Ke Titu Ki Sweety 2018.720p.mkv,D:\Simply_Movies\Bolly\Simply_Up_2_Date\\Q-Z\Sonu Ke Titu Ki Sweety 2018.720p.mkv,Sonu Ke Titu Ki Sweety 2018.720p
1241,1241,Special.26.2013.mkv,D:\Simply_Movies\Bolly\Simply_Up_2_Date\\Q-Z\Special.26.2013.mkv,Special.26.2013
1244,1244,Spyder 2017 HDRip Hindi 720p.mkv,D:\Simply_Movies\Bolly\Simply_Up_2_Date\\Q-Z\Spyder 2017 HDRip Hindi 720p.mkv,Spyder 2017 HDRip Hindi 720p
1246,1246,State_of_Siege_Temple_Attack_2021.mkv,D:\Simply_Movies\Bolly\Simply_Up_2_Date\\Q-Z\State_of_Siege_Temple_Attack_2021.mkv,State_of_Siege_Temple_Attack_2021
1251,1251,Sunayana_Naseeruddin Shah.mp4,D:\Simply_Movies\Bolly\Simply_Up_2_Date\\Q-Z\Sunayana_Naseeruddin Shah.mp4,Sunayana_Naseeruddin Shah
1252,1252,Sunday_2008.mkv,D:\Simply_Movies\Bolly\Simply_Up_2_Date\\Q-Z\Sunday_2008.mkv,Sunday_2008
1253,1253,Super.Singh.2018.mkv,D:\Simply_Movies\Bolly\Simply_Up_2_Date\\Q-Z\Super.Singh.2018.mkv,Super.Singh.2018
1254,1254,Suraag_1982.webm,D:\Simply_Movies\Bolly\Simply_Up_2_Date\\Q-Z\Suraag_1982.webm,Suraag_1982
1260,1260,Table_No_21.avi,D:\Simply_Movies\Bolly\Simply_Up_2_Date\\Q-Z\Table_No_21.avi,Table_No_21
1262,1262,Taish_2020.mkv,D:\Simply_Movies\Bolly\Simply_Up_2_Date\\Q-Z\Taish_2020.mkv,Taish_2020
1265,1265,Tamasha.2015.mkv,D:\Simply_Movies\Bolly\Simply_Up_2_Date\\Q-Z\Tamasha.2015.mkv,Tamasha.2015
1266,1266,Tamasha.2015.mp4,D:\Simply_Movies\Bolly\Simply_Up_2_Date\\Q-Z\Tamasha.2015.mp4,Tamasha.2015
1267,1267,Tandav_2021_Season_01t.mkv,D:\Simply_Movies\Bolly\Simply_Up_2_Date\\Q-Z\Tandav_2021_Season_01t.mkv,Tandav_2021_Season_01t
1270,1270,Taqdeer._Hello_.2018.mkv,D:\Simply_Movies\Bolly\Simply_Up_2_Date\\Q-Z\Taqdeer._Hello_.2018.mkv,Taqdeer._Hello_.2018
1275,1275,Telugu.Agent.Sai.Srinivasa.Athreya.2019.mkv,D:\Simply_Movies\Bolly\Simply_Up_2_Date\\Q-Z\Telugu.Agent.Sai.Srinivasa.Athreya.2019.mkv,Telugu.Agent.Sai.Srinivasa.Athreya.2019
1276,1276,Teraa.Surroor.2016.Hindi.720p.mkv,D:\Simply_Movies\Bolly\Simply_Up_2_Date\\Q-Z\Teraa.Surroor.2016.Hindi.720p.mkv,Teraa.Surroor.2016.Hindi.720p
1281,1281,Thank you_ AneesBazmee.mkv,D:\Simply_Movies\Bolly\Simply_Up_2_Date\\Q-Z\Thank you_ AneesBazmee.mkv,Thank you_ AneesBazmee
1282,1282,Thank.God.2022.1080p.mkv,D:\Simply_Movies\Bolly\Simply_Up_2_Date\\Q-Z\Thank.God.2022.1080p.mkv,Thank.God.2022.1080p
1283,1283,The Attacks of 26.11 (2013).mkv,D:\Simply_Movies\Bolly\Simply_Up_2_Date\\Q-Z\The Attacks of 26.11 (2013).mkv,The Attacks of 26.11 (2013)
1284,1284,The Blue Umbrella  2007.avi,D:\Simply_Movies\Bolly\Simply_Up_2_Date\\Q-Z\The Blue Umbrella  2007.avi,The Blue Umbrella  2007
1296,1296,The Train _1970_ HD.mp4,D:\Simply_Movies\Bolly\Simply_Up_2_Date\\Q-Z\The Train _1970_ HD.mp4,The Train _1970_ HD
1298,1298,The.Body.2019.720p.mkv,D:\Simply_Movies\Bolly\Simply_Up_2_Date\\Q-Z\The.Body.2019.720p.mkv,The.Body.2019.720p
1299,1299,The.Family.Man.2019.mkv,D:\Simply_Movies\Bolly\Simply_Up_2_Date\\Q-Z\The.Family.Man.2019.mkv,The.Family.Man.2019
1300,1300,The.Infiltrator.2016.mkv,D:\Simply_Movies\Bolly\Simply_Up_2_Date\\Q-Z\The.Infiltrator.2016.mkv,The.Infiltrator.2016
1301,1301,The.Tashkent.Files.2019.mkv,D:\Simply_Movies\Bolly\Simply_Up_2_Date\\Q-Z\The.Tashkent.Files.2019.mkv,The.Tashkent.Files.2019
1302,1302,The.zoya.Factor.HD.1080p.2019.mkv,D:\Simply_Movies\Bolly\Simply_Up_2_Date\\Q-Z\The.zoya.Factor.HD.1080p.2019.mkv,The.zoya.Factor.HD.1080p.2019
1303,1303,The_Big_Bull_2021.mkv,D:\Simply_Movies\Bolly\Simply_Up_2_Date\\Q-Z\The_Big_Bull_2021.mkv,The_Big_Bull_2021
1304,1304,The_Big_Picture_EP03___40_Weekend_Dhamaka__41_.720p.mkv,D:\Simply_Movies\Bolly\Simply_Up_2_Date\\Q-Z\The_Big_Picture_EP03___40_Weekend_Dhamaka__41_.720p.mkv,The_Big_Picture_EP03___40_Weekend_Dhamaka__41_.720p
1305,1305,The_Legend_of_Bhagat_Singh_2002.mkv,D:\Simply_Movies\Bolly\Simply_Up_2_Date\\Q-Z\The_Legend_of_Bhagat_Singh_2002.mkv,The_Legend_of_Bhagat_Singh_2002
1306,1306,The_Mandalorian_S02E01.mkv,D:\Simply_Movies\Bolly\Simply_Up_2_Date\\Q-Z\The_Mandalorian_S02E01.mkv,The_Mandalorian_S02E01
1307,1307,The_Namesake_2006.mkv,D:\Simply_Movies\Bolly\Simply_Up_2_Date\\Q-Z\The_Namesake_2006.mkv,The_Namesake_2006
1311,1311,Tiger An Old Hunters Tale (2015).mkv,D:\Simply_Movies\Bolly\Simply_Up_2_Date\\Q-Z\Tiger An Old Hunters Tale (2015).mkv,Tiger An Old Hunters Tale (2015)
1312,1312,Tiger_Zinda_Hai_2017.mkv,D:\Simply_Movies\Bolly\Simply_Up_2_Date\\Q-Z\Tiger_Zinda_Hai_2017.mkv,Tiger_Zinda_Hai_2017
1313,1313,Toh Baat Pakki_TabuSharman Joshi.mp4,D:\Simply_Movies\Bolly\Simply_Up_2_Date\\Q-Z\Toh Baat Pakki_TabuSharman Joshi.mp4,Toh Baat Pakki_TabuSharman Joshi
1322,1322,Tum.Bin.2001.mkv,D:\Simply_Movies\Bolly\Simply_Up_2_Date\\Q-Z\Tum.Bin.2001.mkv,Tum.Bin.2001
1325,1325,Tum_Se_Achcha_Kaun_Hai_2002.mkv,D:\Simply_Movies\Bolly\Simply_Up_2_Date\\Q-Z\Tum_Se_Achcha_Kaun_Hai_2002.mkv,Tum_Se_Achcha_Kaun_Hai_2002
1328,1328,Ujda.chaman.HD.1080p.2019.mkv,D:\Simply_Movies\Bolly\Simply_Up_2_Date\\Q-Z\Ujda.chaman.HD.1080p.2019.mkv,Ujda.chaman.HD.1080p.2019
1331,1331,Ungli.2014.mkv,D:\Simply_Movies\Bolly\Simply_Up_2_Date\\Q-Z\Ungli.2014.mkv,Ungli.2014
1335,1335,Vaastav.1999.mkv,D:\Simply_Movies\Bolly\Simply_Up_2_Date\\Q-Z\Vaastav.1999.mkv,Vaastav.1999
1339,1339,Vicky Donor_2012.mkv,D:\Simply_Movies\Bolly\Simply_Up_2_Date\\Q-Z\Vicky Donor_2012.mkv,Vicky Donor_2012
1341,1341,Vikrraam (2022)720p.mkv,D:\Simply_Movies\Bolly\Simply_Up_2_Date\\Q-Z\Vikrraam (2022)720p.mkv,Vikrraam (2022)720p
1342,1342,Virasat_1997.mp4,D:\Simply_Movies\Bolly\Simply_Up_2_Date\\Q-Z\Virasat_1997.mp4,Virasat_1997
1343,1343,Virgin_Bhanupriya_2020.mkv,D:\Simply_Movies\Bolly\Simply_Up_2_Date\\Q-Z\Virgin_Bhanupriya_2020.mkv,Virgin_Bhanupriya_2020
1346,1346,Vivegam.2017.720p.mkv,D:\Simply_Movies\Bolly\Simply_Up_2_Date\\Q-Z\Vivegam.2017.720p.mkv,Vivegam.2017.720p
1352,1352,Waqt Hamara Hai 1993_720p.mkv,D:\Simply_Movies\Bolly\Simply_Up_2_Date\\Q-Z\Waqt Hamara Hai 1993_720p.mkv,Waqt Hamara Hai 1993_720p
1357,1357,Wazir.2016.mkv,D:\Simply_Movies\Bolly\Simply_Up_2_Date\\Q-Z\Wazir.2016.mkv,Wazir.2016
1359,1359,Welcome.Back.2015.mp4,D:\Simply_Movies\Bolly\Simply_Up_2_Date\\Q-Z\Welcome.Back.2015.mp4,Welcome.Back.2015
1360,1360,Welcome_Home_2020.mkv,D:\Simply_Movies\Bolly\Simply_Up_2_Date\\Q-Z\Welcome_Home_2020.mkv,Welcome_Home_2020
1362,1362,Wild Dog 720p.mkv,D:\Simply_Movies\Bolly\Simply_Up_2_Date\\Q-Z\Wild Dog 720p.mkv,Wild Dog 720p
1364,1364,Woh.Kaun.Thi.1964.avi,D:\Simply_Movies\Bolly\Simply_Up_2_Date\\Q-Z\Woh.Kaun.Thi.1964.avi,Woh.Kaun.Thi.1964
1365,1365,Woh.Lamhe[2006].avi,D:\Simply_Movies\Bolly\Simply_Up_2_Date\\Q-Z\Woh.Lamhe[2006].avi,Woh.Lamhe[2006]
1366,1366,Woh_Main_Nahin_Rekha.mp4,D:\Simply_Movies\Bolly\Simply_Up_2_Date\\Q-Z\Woh_Main_Nahin_Rekha.mp4,Woh_Main_Nahin_Rekha
1367,1367,Yaad Rakhegi Duniya_Aditya Pancholi.mp4,D:\Simply_Movies\Bolly\Simply_Up_2_Date\\Q-Z\Yaad Rakhegi Duniya_Aditya Pancholi.mp4,Yaad Rakhegi Duniya_Aditya Pancholi
1375,1375,YeKaisaInsaaf.mp4,D:\Simply_Movies\Bolly\Simply_Up_2_Date\\Q-Z\YeKaisaInsaaf.mp4,YeKaisaInsaaf
1386,1386,Annihilation_2018.mkv,D:\Simply_Movies\Bolly\Simply_Up_2_Date\\sep22\Annihilation_2018.mkv,Annihilation_2018
1388,1388,Attack_on_Titan_Part_2_2015_1080p.mkv,D:\Simply_Movies\Bolly\Simply_Up_2_Date\\sep22\Attack_on_Titan_Part_2_2015_1080p.mkv,Attack_on_Titan_Part_2_2015_1080p
1389,1389,Black.Swan.2010.mkv,D:\Simply_Movies\Bolly\Simply_Up_2_Date\\sep22\Black.Swan.2010.mkv,Black.Swan.2010
1390,1390,Blood_Diamond_2006_720p_Bluray.mkv,D:\Simply_Movies\Bolly\Simply_Up_2_Date\\sep22\Blood_Diamond_2006_720p_Bluray.mkv,Blood_Diamond_2006_720p_Bluray
1391,1391,Bordertown.2006.mkv,D:\Simply_Movies\Bolly\Simply_Up_2_Date\\sep22\Bordertown.2006.mkv,Bordertown.2006
1392,1392,Children.2011.mp4,D:\Simply_Movies\Bolly\Simply_Up_2_Date\\sep22\Children.2011.mp4,Children.2011
1393,1393,Contagion_2011.mkv,D:\Simply_Movies\Bolly\Simply_Up_2_Date\\sep22\Contagion_2011.mkv,Contagion_2011
1394,1394,Death_on_the_Nile_2022.mkv,D:\Simply_Movies\Bolly\Simply_Up_2_Date\\sep22\Death_on_the_Nile_2022.mkv,Death_on_the_Nile_2022
1395,1395,Ek_Extra_Mile_2022_720p.mkv,D:\Simply_Movies\Bolly\Simply_Up_2_Date\\sep22\Ek_Extra_Mile_2022_720p.mkv,Ek_Extra_Mile_2022_720p
1396,1396,Flower.of.Evil.2020.mkv,D:\Simply_Movies\Bolly\Simply_Up_2_Date\\sep22\Flower.of.Evil.2020.mkv,Flower.of.Evil.2020
1397,1397,Heaven_2022_720p.mkv,D:\Simply_Movies\Bolly\Simply_Up_2_Date\\sep22\Heaven_2022_720p.mkv,Heaven_2022_720p
1398,1398,Kenau 2014_720p_BluR.mkv,D:\Simply_Movies\Bolly\Simply_Up_2_Date\\sep22\Kenau 2014_720p_BluR.mkv,Kenau 2014_720p_BluR
1399,1399,Knowing_2009.mkv,D:\Simply_Movies\Bolly\Simply_Up_2_Date\\sep22\Knowing_2009.mkv,Knowing_2009
1400,1400,Koffee_With_Karan_2022.mkv,D:\Simply_Movies\Bolly\Simply_Up_2_Date\\sep22\Koffee_With_Karan_2022.mkv,Koffee_With_Karan_2022
1401,1401,Memories_of_Murder_2003.mp4,D:\Simply_Movies\Bolly\Simply_Up_2_Date\\sep22\Memories_of_Murder_2003.mp4,Memories_of_Murder_2003
1403,1403,Team_Six__The_Raid_On_OSama_Bin_Laden.mkv,D:\Simply_Movies\Bolly\Simply_Up_2_Date\\sep22\Team_Six__The_Raid_On_OSama_Bin_Laden.mkv,Team_Six__The_Raid_On_OSama_Bin_Laden
1405,1405,The.Boy.Next.Door.2015.mkv,D:\Simply_Movies\Bolly\Simply_Up_2_Date\\sep22\The.Boy.Next.Door.2015.mkv,The.Boy.Next.Door.2015
1406,1406,The.Dark.Knight.Rises.2012.mkv,D:\Simply_Movies\Bolly\Simply_Up_2_Date\\sep22\The.Dark.Knight.Rises.2012.mkv,The.Dark.Knight.Rises.2012
1407,1407,The.Hitmans.BodyGuard.2017.mkv,D:\Simply_Movies\Bolly\Simply_Up_2_Date\\sep22\The.Hitmans.BodyGuard.2017.mkv,The.Hitmans.BodyGuard.2017
1408,1408,The.Prestige.2006.mkv,D:\Simply_Movies\Bolly\Simply_Up_2_Date\\sep22\The.Prestige.2006.mkv,The.Prestige.2006
1410,1410,Top_Gun_1986.mkv,D:\Simply_Movies\Bolly\Simply_Up_2_Date\\sep22\Top_Gun_1986.mkv,Top_Gun_1986
1411,1411,War.Horse.2011.mkv,D:\Simply_Movies\Bolly\Simply_Up_2_Date\\sep22\War.Horse.2011.mkv,War.Horse.2011
1412,1412,Wrath-Man (2021) 720p.mkv,D:\Simply_Movies\Bolly\Simply_Up_2_Date\\sep22\Wrath-Man (2021) 720p.mkv,Wrath-Man (2021) 720p
1421,1421,Devdas.2002.mkv,D:\Simply_Movies\Bolly\Simply_Up_2_Date\\Shah Rukh Khan\Devdas.2002.mkv,Devdas.2002
1425,1425,Dil_Aashna_Hai.mkv,D:\Simply_Movies\Bolly\Simply_Up_2_Date\\Shah Rukh Khan\Dil_Aashna_Hai.mkv,Dil_Aashna_Hai
1428,1428,Duplicate (1998).mkv,D:\Simply_Movies\Bolly\Simply_Up_2_Date\\Shah Rukh Khan\Duplicate (1998).mkv,Duplicate (1998)
1429,1429,FAN.2018.mkv,D:\Simply_Movies\Bolly\Simply_Up_2_Date\\Shah Rukh Khan\FAN.2018.mkv,FAN.2018
1436,1436,King Uncle1993.avi,D:\Simply_Movies\Bolly\Simply_Up_2_Date\\Shah Rukh Khan\King Uncle1993.avi,King Uncle1993
1437,1437,Koyla (1997).mkv,D:\Simply_Movies\Bolly\Simply_Up_2_Date\\Shah Rukh Khan\Koyla (1997).mkv,Koyla (1997)
1438,1438,Main.Hoon.Na.2004.mp4,D:\Simply_Movies\Bolly\Simply_Up_2_Date\\Shah Rukh Khan\Main.Hoon.Na.2004.mp4,Main.Hoon.Na.2004
1444,1444,RAEES.2017.mkv,D:\Simply_Movies\Bolly\Simply_Up_2_Date\\Shah Rukh Khan\RAEES.2017.mkv,RAEES.2017
1449,1449,Yeh Lamhe Judaai Ke.2004.avi,D:\Simply_Movies\Bolly\Simply_Up_2_Date\\Shah Rukh Khan\Yeh Lamhe Judaai Ke.2004.avi,Yeh Lamhe Judaai Ke.2004
1452,1452,Zero.2018.mkv,D:\Simply_Movies\Bolly\Simply_Up_2_Date\\Shah Rukh Khan\Zero.2018.mkv,Zero.2018
1453,1453,Amavas.2019.mkv,D:\Simply_Movies\Bolly\Simply_Up_2_Date\\Shift\Amavas.2019.mkv,Amavas.2019
1454,1454,Casino.Royale.2006.mkv,D:\Simply_Movies\Bolly\Simply_Up_2_Date\\Shift\Casino.Royale.2006.mkv,Casino.Royale.2006
1455,1455,Curve.2015.mp4,D:\Simply_Movies\Bolly\Simply_Up_2_Date\\Shift\Curve.2015.mp4,Curve.2015
1456,1456,Disturbing.The.Peace.2020.mp4,D:\Simply_Movies\Bolly\Simply_Up_2_Date\\Shift\Disturbing.The.Peace.2020.mp4,Disturbing.The.Peace.2020
1457,1457,El.Camino.A.B.B.M.2019.mkv,D:\Simply_Movies\Bolly\Simply_Up_2_Date\\Shift\El.Camino.A.B.B.M.2019.mkv,El.Camino.A.B.B.M.2019
1458,1458,Equity.2016.mkv,D:\Simply_Movies\Bolly\Simply_Up_2_Date\\Shift\Equity.2016.mkv,Equity.2016
1459,1459,EtharkkumThunindhavan(2022).mkv,D:\Simply_Movies\Bolly\Simply_Up_2_Date\\Shift\EtharkkumThunindhavan(2022).mkv,EtharkkumThunindhavan(2022)
1460,1460,Glass_Onion A_Knives Out_Mystery_2022.mkv,D:\Simply_Movies\Bolly\Simply_Up_2_Date\\Shift\Glass_Onion A_Knives Out_Mystery_2022.mkv,Glass_Onion A_Knives Out_Mystery_2022
1461,1461,Jack Ryan Season-3.2022.mkv,D:\Simply_Movies\Bolly\Simply_Up_2_Date\\Shift\Jack Ryan Season-3.2022.mkv,Jack Ryan Season-3.2022
1462,1462,Murder on the Orient Express (2017).mp4,D:\Simply_Movies\Bolly\Simply_Up_2_Date\\Shift\Murder on the Orient Express (2017).mp4,Murder on the Orient Express (2017)
1463,1463,One Day 2011.mkv,D:\Simply_Movies\Bolly\Simply_Up_2_Date\\Shift\One Day 2011.mkv,One Day 2011
1464,1464,Outsource.2022.mkv,D:\Simply_Movies\Bolly\Simply_Up_2_Date\\Shift\Outsource.2022.mkv,Outsource.2022
1466,1466,Rambo.Last.Blood.2019.mkv,D:\Simply_Movies\Bolly\Simply_Up_2_Date\\Shift\Rambo.Last.Blood.2019.mkv,Rambo.Last.Blood.2019
1467,1467,Relentless.2018.mp4,D:\Simply_Movies\Bolly\Simply_Up_2_Date\\Shift\Relentless.2018.mp4,Relentless.2018
1468,1468,Ronaldo.2015.mkv,D:\Simply_Movies\Bolly\Simply_Up_2_Date\\Shift\Ronaldo.2015.mkv,Ronaldo.2015
1469,1469,Rough_Book_2016.mkv,D:\Simply_Movies\Bolly\Simply_Up_2_Date\\Shift\Rough_Book_2016.mkv,Rough_Book_2016
1470,1470,Run.All.Night.2015.mp4,D:\Simply_Movies\Bolly\Simply_Up_2_Date\\Shift\Run.All.Night.2015.mp4,Run.All.Night.2015
1471,1471,Searching.2018.mkv,D:\Simply_Movies\Bolly\Simply_Up_2_Date\\Shift\Searching.2018.mkv,Searching.2018
1472,1472,Sleight.2016.1080p.mkv,D:\Simply_Movies\Bolly\Simply_Up_2_Date\\Shift\Sleight.2016.1080p.mkv,Sleight.2016.1080p
1473,1473,Sniff_ 2017 HDRip.mkv,D:\Simply_Movies\Bolly\Simply_Up_2_Date\\Shift\Sniff_ 2017 HDRip.mkv,Sniff_ 2017 HDRip
1474,1474,Speed.Kills.2018.mkv,D:\Simply_Movies\Bolly\Simply_Up_2_Date\\Shift\Speed.Kills.2018.mkv,Speed.Kills.2018
1475,1475,Squad (2021).mkv,D:\Simply_Movies\Bolly\Simply_Up_2_Date\\Shift\Squad (2021).mkv,Squad (2021)
1476,1476,Standing.Up.Falling.Down.2019.mkv,D:\Simply_Movies\Bolly\Simply_Up_2_Date\\Shift\Standing.Up.Falling.Down.2019.mkv,Standing.Up.Falling.Down.2019
1477,1477,Subah Se Le Kar Shaam Tak .mp4,D:\Simply_Movies\Bolly\Simply_Up_2_Date\\Shift\Subah Se Le Kar Shaam Tak .mp4,Subah Se Le Kar Shaam Tak 
1478,1478,Super.Dark.Times.2017.mkv,D:\Simply_Movies\Bolly\Simply_Up_2_Date\\Shift\Super.Dark.Times.2017.mkv,Super.Dark.Times.2017
1479,1479,That Awkward Moment.mp4,D:\Simply_Movies\Bolly\Simply_Up_2_Date\\Shift\That Awkward Moment.mp4,That Awkward Moment
1480,1480,The Captain (2017).[Telegram movies].mkv,D:\Simply_Movies\Bolly\Simply_Up_2_Date\\Shift\The Captain (2017).[Telegram movies].mkv,The Captain (2017).[Telegram movies]
1481,1481,The Contractor 720p Hindi 2022.mkv,D:\Simply_Movies\Bolly\Simply_Up_2_Date\\Shift\The Contractor 720p Hindi 2022.mkv,The Contractor 720p Hindi 2022
1482,1482,The Mysterty Of the Taj Mahal.divx,D:\Simply_Movies\Bolly\Simply_Up_2_Date\\Shift\The Mysterty Of the Taj Mahal.divx,The Mysterty Of the Taj Mahal
1483,1483,The Tracker (2019).mkv,D:\Simply_Movies\Bolly\Simply_Up_2_Date\\Shift\The Tracker (2019).mkv,The Tracker (2019)
1484,1484,The.Amazing.Spiderman.2012.mp4,D:\Simply_Movies\Bolly\Simply_Up_2_Date\\Shift\The.Amazing.Spiderman.2012.mp4,The.Amazing.Spiderman.2012
1485,1485,The.Battleship.Island.2017.mkv,D:\Simply_Movies\Bolly\Simply_Up_2_Date\\Shift\The.Battleship.Island.2017.mkv,The.Battleship.Island.2017
1486,1486,The.Gray.Man_2022.mkv,D:\Simply_Movies\Bolly\Simply_Up_2_Date\\Shift\The.Gray.Man_2022.mkv,The.Gray.Man_2022
1487,1487,The.Neighbor.2018.mkv,D:\Simply_Movies\Bolly\Simply_Up_2_Date\\Shift\The.Neighbor.2018.mkv,The.Neighbor.2018
1488,1488,The.Way.Back.2020.mp4,D:\Simply_Movies\Bolly\Simply_Up_2_Date\\Shift\The.Way.Back.2020.mp4,The.Way.Back.2020
1489,1489,The.Worst.Person.in.the.World.2021.mp4,D:\Simply_Movies\Bolly\Simply_Up_2_Date\\Shift\The.Worst.Person.in.the.World.2021.mp4,The.Worst.Person.in.the.World.2021
1490,1490,Theprofffesorr_Srimanthudu_2015.mkv,D:\Simply_Movies\Bolly\Simply_Up_2_Date\\Shift\Theprofffesorr_Srimanthudu_2015.mkv,Theprofffesorr_Srimanthudu_2015
1491,1491,The_Next_365_Days_2022.mkv,D:\Simply_Movies\Bolly\Simply_Up_2_Date\\Shift\The_Next_365_Days_2022.mkv,The_Next_365_Days_2022
1492,1492,Thiruchitrambalam_2022.mkv,D:\Simply_Movies\Bolly\Simply_Up_2_Date\\Shift\Thiruchitrambalam_2022.mkv,Thiruchitrambalam_2022
1493,1493,Three (2005)   a.k.a. Survival Island.mp4,D:\Simply_Movies\Bolly\Simply_Up_2_Date\\Shift\Three (2005)   a.k.a. Survival Island.mp4,Three (2005)   a.k.a. Survival Island
1494,1494,To.Steal.from.a.Thief.2016.mkv,D:\Simply_Movies\Bolly\Simply_Up_2_Date\\Shift\To.Steal.from.a.Thief.2016.mkv,To.Steal.from.a.Thief.2016
1495,1495,TVF_Pitchers_S01.mkv,D:\Simply_Movies\Bolly\Simply_Up_2_Date\\Shift\TVF_Pitchers_S01.mkv,TVF_Pitchers_S01
1496,1496,Violent Night.2022.mkv,D:\Simply_Movies\Bolly\Simply_Up_2_Date\\Shift\Violent Night.2022.mkv,Violent Night.2022
1497,1497,Yashoda_2022.mkv,D:\Simply_Movies\Bolly\Simply_Up_2_Date\\Shift\Yashoda_2022.mkv,Yashoda_2022
